"","x"
"1","
                       JTBC가 기획ㆍ개발한 대선 빅데이터 분석 플랫폼 'JTBC 빅데이터랩' 분석 결과, 국민의힘 윤석열 후보가 이슈 집중력(*아래 용어설명 참조)에서 더불어민주당 이재명 후보를 앞서가고 있는 것으로 나타났습니다.       17일 오전 현재 빅데이터랩의 관심 지수 비교에서 이재명 후보와 윤석열 후보는 각각 44대 56을 기록했습니다.       24시간 데이터를 주력 분석 대상으로 삼는 JTBC 빅데이터랩 관심지수(*용어설명)는 뉴스와 SNSㆍ온라인 커뮤니티 등 인터넷에 올라온 기사와 게시글을 모은 뒤 핵심 메시지가 있는 텍스트들만 따로 추출해 분석합니다.       이 텍스트에서 각 후보와 연관되는 키워드와 중심 어구들이 이슈를 중심으로 얼마나 강하게 밀집하는 지 집중력을 측정해 관심지수로 환산했습니다.       17일 오전 기준 빅데이터 분석에서 이재명 후보는 실질 언급량(*용어설명) 1382건, 윤석열 후보는 1204건이었습니다. 이슈에 대한 집중도는 윤 후보(27.9)가 이 후보(22.3)를 크게 앞섰습니다. 관심지수는 두 후보에 대한 이슈 집중도를 100으로 환산해 비교한 수치입니다.       JTBC 빅데이터랩은 키워드의 빈도 등 단순 언급량을 분석하는 게 아니라 언급량을 질적 평가해 실질적으로 후보들이 얼마나 관심을 받고 있는지를 심층적으로 접근하는 빅데이터 분석 시스템입니다.       후보에 대한 관심의 양과 강도만 평가해선 관심의 성격을 알 수 없습니다. 긍정·부정 감성 분석이 뒷받침돼야 충실해 집니다. 빅데이터랩은 24시간 전 최신 데이터를 분석할 뿐 아니라 일주일 누적 데이터도 함께 분석합니다.      지난 일주일간 두 후보에 대한 긍정ㆍ부정 언급을 분석한 호감도 평가는 어떻게 나왔을까요. 두 후보 다 부정적 언급이 긍정보다 높게 나타났습니다.    11월 10일~16일 더불어민주당 이재명 후보와 국민의힘 윤석열 후보에 대한 감성 분석           더불어민주당 이재명 후보와 국민의힘 윤석열 후보의 일일 감성 분석. 16일 24시간 수집한 데이터를 분석했다.         부정적 언급을 주도했던 키워드는 이 후보의 경우 특검ㆍ수사ㆍ대장동이었습니다. 이 후보가 추가 재난지원금과 청년 관련 정책을 연일 쏟아내며 관심의 초점을 분산 시키는 데 주력하고 있지만 여전히 부정 프레임을 주도하는 키워드는 대장동 개발 관련 의혹이었다는 것을 알 수 있습니다.       윤 후보의 부정 키워드는 윤 후보에 대한 공수처 관련 수사와 특검이 주를 이뤘습니다.       부정적 인식이 긍정적 인식보다 앞선 상황에서 두 후보에 대한 관심 강도는 어떤 변화 양상을 보였을까요.   더불어민주당 이재명 후보와 국민의힘 윤석열 후보에 대한 관심도 추이.              관심도 추이에서 지난 5일 국민의힘 대선 후보 결정일 윤 후보는 73대 27로 이 후보에 앞섰지만 이후 소강 상태를 보였습니다. 이후 윤 후보는 10~11일 광주와 목포 등 호남 방문 일정을 소화하면서 다시 이슈 중심에서 관심을 키워갔습니다.       반면 이 후보는 아내 김혜경씨 낙상 사고 관련 지난 9일 일정을 전면 취소하면서 당일과 그 다음 이틀간 이슈 집중력을 잃었으나 12일 전국 순회 행보에 나서면서 관심도에서 다시 윤 후보를 앞서나가기 시작했습니다. 이 후보는 부산에서 ""부산 재미 없다""는 등의 논쟁성 강한 발언으로 주목을 끌었고 재난지원금 지급과 전방위 청년 스킨십 등 다채로운 행보를 이어가고 있지만 '묵직한 한방'이 없어 관심도가 하락한 것으로 분석됐습니다.       윤 후보는 호남 방문 이후엔 뚜렷한 이슈 없이 선대위 구성과 인선을 놓고 신경전이 이어지면서 이 후보에 비해 이슈 집중력을 보이지 못했습니다. 하지만 진통 끝에 선대위 인선의 윤곽이 나타나기 시작하면서 관심도가 상승하기 시작해 이재명 후보와 경합 국면에 들어갔습니다. 특히 16일에는 '1주택 종부세 면제' 등 종부세 부과를 앞두고 관련 메시지가 퍼지면서 관심도에서 역전이 일어난 것으로 분석됐습니다.         이 기간(12~16일) 윤 후보의 핵심 관련어는 주요 경쟁 상대인 이재명 후보였습니다. 윤 후보는 단조롭다고 할 수 있을 정도로 정중동 행보를 보이고 있지만 이 후보가 이슈성 강한 발언으로 논란에 휩싸일 때마다 주요 경쟁 상대로서 윤 후보가 반사이익을 챙기고 있는 구조를 설명해주고 있습니다.        야구광인 윤 후보가 14일 프로야구 한국시리즈 1차전이 열린 고척스카이돔을 찾아 관람하면서 관심을 끌어 고척스카이가 핵심 키워드로 부상하기도 했습니다.       심상정 정의당 대선후보와 안철수 국민의당 대선후보까지 포함된 관심지수 분석에선 심상정 후보가 상대적으로 강한 이슈 집중력을 보였습니다.   11월10일~16일 대선후보 4인의 관심지수 비교.            11월10일~16일 대선후보 4인의  긍정·부정 감성 비교.              ■ 용어 설명 :  실질 언급량 = 뉴스와 온라인 커뮤니티, 블로그, SNS에서 검색어 관련 키워드ㆍ핵심 어구가 추출된 글(또는 기사) 건 수  이슈 집중력 = 언어군집(키워드ㆍ핵심 어구들로 형성)의 밀도를 계산한 함수값  관심 지수 = 비교 대상들의 이슈 집중력을 100으로 환산해 나타낸 값     ※ 빅데이터 분석은 선거 여론 조사와 다릅니다. 세대와 성별, 지역 등에 따라 표본 추출을 하는 여론조사와 달리 빅데이터 분석은 온라인에 올라온 텍스트만 분석합니다. 온라인상의 정치 관련 생각과 마음을 읽는데 특화된 분석 방법이기에 후보에 대한 지지도를 묻는 여론조사와 근본적으로 다릅니다. 분석 방법과 데이터 출처 등은 관련 기사(https://news.jtbc.joins.com/article/article.aspx?news_id=NB12033954)에서 참조하시기 바랍니다.   "
"2","
                              〈사진=163닷컴 캡처〉         미국 인공지능(AI) 업체의 한국 지사장을 맡고 있는 친구에게 물었습니다. AI 서비스를 하는 회사니까 당연히 보유하고 있는 기술 수준이 어떤지, 경쟁력은 얼마나 나오는지 궁금했습니다. 기술 얘기를 한참 할 줄 알았는데 대뜸 이렇게 답합니다.       ”데이터가 있어야지. 데이터가 관건이야.“       AI가 빅데이터를 이용해 구현되고 역량을 향상시켜나가기 때문에 AI 기술 수준은 데이터의 양과 불가분의 관계라는 걸 말한 겁니다. 그만큼 AI 자체의 성능 못지 않게 빅데이터의 확보가 필수불가결하다는 걸 강조한 거죠.     이 데이터를 얼마나 확보하느냐가 결국 AI 승부의 분수령이나 다름 없습니다. 한국에서 데이터 확보하기가 녹록치 않아 늘상 고민하다보니 기술을 묻는 질문인데도 '결국은 데이터'라고 하소연을 한 겁니다.  AI 속도전을 벌이고 있는 미·중은 어떨까요. 미·중은 AI의 기술 패권을 놓고 건곤일척의 승부를 벌이고 있습니다. 승부의 큰 틀은 미국이 고지를 차지하고 중국이 도전하는 양상입니다. 그런데 최근 뜻밖의 뉴스가 나왔습니다.  〈사진=163닷컴 캡처〉              최근 미국 국방부의 전(前) 최고소프트웨어책임자(CSO)가 사임했습니다. 사임하는 마당에 속에 눌러놨던 말은 하고 하고 떠나기 마련이죠. 10일자 파이낸셜타임스(FT) 보도를 함께 보겠습니다. 말이 굉장히 세고 충격적입니다.     “중국은 인공지능(AI)과 머신 러닝, 사이버 능력의 발전으로 (관련 분야에서) 지배적인 위치를 향하고 있다며 이미 (미·중 간 경쟁은) 끝났다”     지난 3년 간 미 공군의 사이버 보안과 AI 기술 도입 등을 총괄한 니컬러스 차일란은 이날 FT에 미군의 느린 기술 혁신 속도에 항의해 사임했다고 밝혔습니다.     차일란은 “(중국의 우위는) 기정사실이며 향후 15~20년 동안 중국과의 싸움에서 (이길) 가망이 없다. 군의 느려터진 기술 혁신 속도에 항의하는 차원에서 지난주 사임했다”고 말했습니다.   차일란은 왜 미국이 중국과의 AI 경쟁에서 패할 수밖에 없다고 봤을까요.     기술 윤리 논쟁이었습니다. AI 기술 경쟁에서 핵심축은 데이터 확보인데 개인정보보호를 둘러싼 윤리적 허들 때문에 중국과의 경쟁에서 밀리게 된다는 것입니다.     반면 중국은 14억 인구에 개인정보보호에 대한 사회적 인식이 낮아 방대한 데이터를 축적하기에 유리한 환경입니다.     인권 유린과 기본권이 침해 논란에도 불구하고 사회 관리 차원에서 효용이 높다는 이유로 광범위하게 개인 데이터가 수집되고 있습니다. 일당이 주도하는 사회주의 체제의 특성이 미국과의 AI 경쟁에서 유리하게 작용하고 있는 겁니다.     이런 환경 조건을 업고 중국 AI가 맹추격을 벌이면서 미국이 서 있는 고지가 가시권에 들어오기 시작했습니다.  〈그래픽=알렌 AI연구소 〉              미국 시애틀에 본부를 둔 알렌 AI연구소는 최근 중국이 5년 안에 인공지능 분야의 세계 정상에 오를 수 있을 것이라고 관측했습니다. 중국의 당초 목표인 2030년보다 4년 이상을 앞당길 수 있을 것으로 추정한 겁니다.     알렌연구소는 올해 50% 이상 가장 많이 인용된 논문에서, 그리고 내년 가장 많이 인용될 상위 10%의 논문에서 미국을 추월할 것으로 보고 있습니다. 2025년에는 가장 많이 인용될 상위 1% 논문량이 미국을 앞지를 것으로 예상했습니다.     중국의 AI 약진은 강건너 불구경이 아닙니다. 우리의 산업과 미래에 발등의 불이기 때문입니다.     한국산업연합포럼이 최근 개최한 세미나에서 우리와 중국의 AI 연구 현황이 소개됐습니다. 한 참석자는 AI 분야 석·박사 이상이 미국은 1만295명인데 우리는 3.9% 수준인 405명이고, 논문 수도 중국 7만199편의 10%인 6천940편에 불과하다고 지적했습니다.     정보통신기획평가원이 지난해 말 펴낸 'ICT 기술수준조사 보고서'는 우리 AI 기술이 중국에 뒤지고 있는 현실을 보여줍니다.     미국의 AI 기술 수준이 100점이라면 중국은 85.8점, 한국은 80.9점으로 나왔습니다. 1점당 기술 격차는 1개월씩 벌어집니다. 중국의 기술 수준에 우리는 5개월 뒤쳐져 있는 겁니다.  〈사진=163닷컴 캡처〉              지난 30년 한국은 중국 경제의 비약적 성장을 활용해 몸집을 불렸습니다. 철저한 기술 우위를 바탕으로 중간재와 부품·설비 등을 파는 분업 체제를 구축했습니다. 한중 분업 모델로 둘 다 큰 이익을 거뒀습니다.     그런데 4차산업혁명 분야에선 우리의 기술 우위가 흔들리다 못해 뒤쳐지는 것으로 나타났습니다. 한중 분업 모델의 역학 구도가 뒤집히고 있는 겁니다. AI나 빅데이터, IoT 등 4차 산업혁명 분야는 분업으로 나눠먹는 구조가 아닙니다. 철저한 승자독식의 세계입니다. 미래 지식산업에서 중국에 밀리면 중국에 팔기는 커녕 우리 시장까지 잠식당합니다.     이런 최악의 구도가 현실이 될 경우 상상만으로도 아찔합니다. 다행히 변수 하나가 있습니다.   미국이 반도체 기술 공급망에서 중국을 배제하는 흐름입니다. 이로 인해 중국의 AI 우위 구도가 굳어지는 최악의 시점까지 아직 시간이 있습니다.     데이터를 처리해주는 반도체를 적절히 업그레이드 못하면 아무리 빅데이터를 축적하고 있으면 뭐 합니까. 고성능 반도체 뒷받침 없이 중국이 AI 기술에서 치고 나가는 데는 한계가 있습니다. 때문에 중국도 사활을 걸고 반도체 자립에 돈과 인력을 쏟아붇고 있습니다.     언제까지 이 기회의 창이 열려 있을 지 가늠할 수 없습니다. 시간이 꼭 우리 편인 것은 아닙니다. AI와 빅데이터에서 총력전을 펼 때입니다.  "
"3","
                    국내 1100여 개 쇼핑몰의 4억3000만 개 상품들이 모이는 '에누리 가격비교'가 점점 똑똑해지고 있다. '하기스 기저귀 남아용 3단계'를 검색했을 때 다른 대형 쇼핑몰에서 중복되는 650여 개의 상품들을 일일이 비교, 낮은 가격 순서로 보여 준다. 여기에 '스마트 쇼핑'이 시작되면 더욱 똑똑한 '에누리'가 만들어질 전망이다.지난 10일 서울시 중구 에누리 가격비교 본사에서 만난 김기범 써머스플랫폼 대표는 ""우리는 여타 사이트같이 클릭을 기반으로 한 추천 상품을 제시해 주는 것이 아니다. 에누리에는 실제 구매 이력이 있고, 이 구매 이력을 기반으로 소비자에게 상품을 추천해 줘 '스마트 쇼핑'을 하게끔 도와준다""고 강조했다.네이버가 A상품을 클릭한 소비자들이 클릭한 A와 비슷한 상품들을 추천해 주는 식으로 소비자의 구매를 유도한다면, 에누리는 A상품을 '구매한' 소비자들이 실제로 구매한 다른 B나 C·D 등 상품을 추천해 준다는 이야기다.실제 써머스플랫폼이 에누리를 통해 구매 연관도를 측정했더니, 분유를 많이 사는 30대 여성 고객들이 구매 확률 높은 상품은 기저귀나 유아용품이 아닌 스타벅스 상품권이었다. 이 세대의 고객들이 육아와 동시에 스타벅스에서 커피 마시는 것을 선호함을 알 수 있는 대목이다.김 대표는 ""이런 건 실제 구매 데이터를 분석하지 않으면 알 수 없다. 실질적인 데이터가 있어야만 정확한 추천이 되는 것""이라며 ""에누리는 쇼핑의 '왓챠'다. 실제 구매 이력을 기반으로 고객들의 연관성을 분석하고, 왓챠와 같이 A를 구매하면 B도 추천해 줄 수 있다""고 설명했다. 그러면서 그는 ""이를 '스마트 쇼핑'이라 부르고 있다""며 ""현재 에누리 가격비교 서비스에서 '스마트택배'로 택배 조회 서비스까지 하고 있는데, 다음 스텝이 '스마트 쇼핑'이 될 것이다""라고 말했다.- 가격 비교, 일반적으로 가전제품을 살 때 사용하지 않나.""가전제품이나 컴퓨터 등 디지털 제품 구매를 많이 떠올린다. 모바일 채널이 없을 때는 매출의 70%가 가전·디지털 제품이고, 나머지가 식품이나 유아용품 같은 것들이었다. 하지만 모바일 앱에서는 70%가 건강식품·유아동 제품이고, 30%가 가전·디지털 제품이 됐다. 지금도 가격 비교의 60%가 PC에서 이뤄진다. 목적성이 있는, 저희가 보통 얘기하는 비교가 꼭 필요한 제품들은 PC에서 많이 학습한다는 이야기다. 어떤 거 살지, 뭐가 좋은지 공부한다. 그런데 무슨 상품을 살지 딱 정해지면 모바일로 사더라. 또 충동적으로 소비할 때 모바일로 구매한다.""- 주 소비층은.""60% 이상이 패션 잡화나 유아동 상품 등에서 매출이 나온다. 일반적으로 이는 주부들 카테고리다. 이커머스 자체가 모바일로 성장하고 있는데, 원동력이 2030대 여성이라고 생각한다. 이러다 보니까 가격 비교 사이트임에도 100원에서 1000원 차이 나는 것도 에누리를 통해서 구매한다. 제가 전 직장에 있을 때만 해도 가격 비교 사이트 유저들은 '체리피커'나 소득이 높지 않은 분들이라고 생각했는데, 소득이 높아도 가격 비교 사이트는 이용하더라.100원을 비싸게 샀다고 아까워하는 것이 아니라, 자기가 합리적인 소비를 하지 못했다는 자책감을 갖기 싫고 최적의 쇼핑을 했다는 검증을 받고 싶어하는 소비자들이 이용한다.""- 이커머스가 모바일 중심이 되고 있는데.""에누리에 올 때 고민했던 부분이 네이버가 저렇게 성장하는데 에누리가 성장할 수 있을까였다. 그럼에도 에누리는 매년 두 자릿수 이상 성장하고 있다. 배경은 전문 가격 비교 사이트를 이용하는 고객층이 정해져 있기 때문이다. 모바일로 플랫폼이 이동하면서 위기이자 기회를 맞았다. PC에서 에누리를 이용하려면 반드시 네이버를 통해 시작해야 했다. 하지만 모바일은 '앱'이라는 접근성 높은 수단이 생겼다고 본다.""- 에누리의 강점은 무엇인가.""이용해 보시면 느끼겠지만 상품 정보가 객관적이고 전문적이다. 카테고리를 관리하는 직원인 카테고리매니저(CM)가 100여 명이 있다. 예를 들어, 노트북 CM이라면 노트북 산업에 대한 이해를 갖고 있어야 한다. 신제품이 출시되고 트렌드는 어떤지 등까지 알고 있어야 하고, 제품 정보를 제조사보다도 많이 알아야 한다. 고객들이 노트북을 검색했을 때 모니터 크기나 무게·CPU 종류·메모리 등 체계적인 카테고리를 갖고 있고, 이를 다른 쇼핑몰들이 벤치마킹하기도 한다. 써머스플랫폼의 빅데이터 사업 중에는 '표준 정보'라는 게 있다. 이 정보를 다른 쇼핑몰이 에누리에게서 산다. 상품 정보를 사서 자사 사이트에 적용시키는 것이다. 조달청의 경우에도 나라장터 제품들을 적절한 제품인지, 제품 정보가 맞는지 에누리의 정보로 검증하는 데 쓰고 있다.""- 에누리의 매출 구조는. ""기본적으로 쇼핑몰과 수수료 및 광고다. 여기에 '데이터' 사업에서 매출이 나온다. 현재 에누리에 쇼핑몰 1100개가 입정돼 있고, 4억3000여 개의 상품 데이터가 들어온다. G마켓이 5000만 개의 상품 데이터가 있는 것에 비해 저희는 4억개가 넘는 방대한 데이터를 처리할 인프라를 갖고 있다는 얘기다. 이 데이터를 기반으로 카탈로그를 제작하고, 쇼핑몰 상품을 매칭시킨다. 카탈로그라는 건 각각 다른 쇼핑몰에서 판매하는 중복되는 상품들이 너무 많은데, 같은 상품을 묶어 대표 모델을 만드는 것을 말한다. 이 모델이 980만 개 정도 된다. CM들이 모델을 생성하고, 여기서 데이터 매출이 나온다.""- 에누리에서 정제된 데이터를 판매하는 방식이라고 보면 되나. ""데이터 자체를 구매하는 기업도 있고, 한 번 더 정제해서 마케팅 인사이트 리포팅이라고 하는 서비스도 제공한다. 현재 한국은행과 조달청 등에서도 이용하고 있는데, 한국은행은 빅데이터를 경기동향 파악하는 데 활용한다. 요즘 이커머스 트렌드라는 중요한 지표에 에누리 데이터를 사용한다. 또 대형 온라인 몰에서도 고객들이 두 번, 세 번 만에 원하는 상품을 찾을 수 있도록 하기 위해 '상품 정보 표준화'가 돼 있어야 하는데, 이 데이터를 에누리가 제공한다. 예컨대 5세 남아의 옷과 책·장난감·식품을 구매한다면, 쇼핑몰에서 의류 카테고리에 가서 '5세'를 선택해야 하고, 책을 사려면 '도서'에 들어가서 5세 남자를 찾아야 하지만, 에누리에서는 '5세 남아' 속성을 미리 선택할 수 있다. 고객들이 원하는 상품에 접근하기 위해 '표준 데이터'를 판매하는 것, 이것이 우리의 첫 번째 데이터 사업이다.""- 다른 데이터 매출은. ""데이터 기반의 시장 정보를 보여 주는 거다. 에누리에 쌓인 데이터들을 빅데이터로 만들고, 이걸 다시 정제한다. 정제라는 게 굉장히 어려운 부분이다. 다양한 정보를 분석할 수 있는 정보로 만드는 것이 핵심 기술이고, 여기에 인공지능이 들어간다. 정제가 된 부분들을 다시 분석해서 통계 리포트로 만드는 거다. 특정 제품이 어떤 쇼핑몰에서 얼마나 팔리는지, 냉장고 카테고리에서 어떤 브랜드가 많이 팔리는지, 어떤 요일에 잘 팔리는지 등 정보를 제공해 줄 수 있다. 과거 생리대 파동 당시 '릴리안' 제품을 구매한 고객들 시장점유율이 9.3%에서 5.2%로 급감했는데, 이들이 어떤 브랜드로 이탈했는지도 볼 수 있다. 이런 데이터를 보면 어떻게 마케팅을 해야 하는지가 나온다."" - 에누리가 코리아센터를 만났다. ""계속해서 데이터를 강조했는데, 이 측면에서 코리아센터 주요 서비스인 '메이크샵' '몰테일'과 시너지가 있을 것이다. 메이크샵은 소호 쇼핑몰의 호스팅을 하고 있는데, 여기에도 구매 데이터가 누적돼 있다. 또 몰테일은 해외에서의 구매 데이터를 갖고 있다. 이 데이터가 우리의 빅데이터에 결합된다면 굉장히 많은 쇼핑 영역을 커버하는 국내 유일 데이터가 될 거라 확신한다. 더불어 해외와 국내 쇼핑 구분이 의미가 없어진 요즘, 에누리가 국내에서 전문 가격 비교를 제공하고 앞으로 해외 쇼핑으로까지 확장될 수 있다. 이 부분에서 몰테일 등 서비스와 결합하기 위한 실무 TF팀이 구성됐다. 아직까지 해외 직구 비교하는 곳은 없다. 해외 직구부터 구매 대행까지 확대할 수 있을 것이다. 즉 일본·중국·유럽 등 비영어권의 해외 쇼핑까지 스마트 쇼핑을 제공하는 것이 서비스적인 비전이라고 보면 된다."" - 스마트택배와 시너지는 없나. ""스마트택배는 택배 조회 애플리케이션이고 주요 국내 택배사와 전산으로 연결돼 있는 유일한 앱이다. 메이크샵과는 이미 연동돼 있어 판매자들은 물론 구매자들 택배 조회가 가능하다.향후에는 해외 택배 조회까지 연동시킬 수 있을 것이다. 몰테일로 구매 대행했을 때, 택배가 국내에 들어오기 이전의 조회가 안 되니 그 부분까지 연동해서 모든 배송을 조회하는 서비스를 할 수 있을 것이다.""- 써머스플랫폼의 올해 목표는.""코리아센터와 함께하게 된 이후 가장 기대했던 것은 중장기적 전략을 세워 가는 것이었다. 이를 위해서는 기초체력을 잘 다져 놔야 한다. 빅데이터 확대를 위해서 연구 개발이나 인프라 확충, 사업 기획이나 서비스 준비가 중요할 것이다.  회사를 운영하는 개인적 목표로는, 회사의 성장과 직원들 개인의 성과를 연결시키는 것이다. 성과를 나눌 수 있는 시스템을 만들고 싶다. 기업공개(IPO)처럼 객관적 평가를 받을 수 있는 기회를 만들고, 직원들과 과실을 나누고 싶다.""권지예 기자 kwon.jiye@jtbc.co.kr"
"4","
                    롯데멤버스는 지난 27일 서울특별시 중구에 위치한 본사에서 ‘제4회 L.POINT Big Data Competition 시상식’을 개최했다고 밝혔다.올해로 4회째를 맞은 ‘L.POINT Big Data Competition(이하 엘포인트 빅데이터 컴피티션)’은 롯데그룹의 통합멤버십 서비스인 L.POINT에서 주최하는 국내 대표 빅데이터 공모전이다. L.POINT 회원의 구매 데이터를 기반으로 다양한 분석 방법론을 적용·검증하여 실질적인 비즈니스 활용안을 제시할 수 있어 타 공모전과 차별화된 빅데이터 분석의 장을 제공하고 있다.엘포인트 빅데이터 컴피티션은 다양한 소비 영역에서의 고객 행동 기반 빅데이터를 통해 엘포인트만의 차별화된 가치를 창출할 수 있는 빅데이터 분석 전문가를 발굴하기 위해 기획됐다.이번 대회는 고객의 니즈와 취향에 맞는 맞춤형 콘텐츠를 제안하는 ‘스마트 라이프 큐레이터’라는 주제로 진행되었으며 총 520개 팀이 참가, 최종 대상의 영예는 ‘Lalala’(김무녕, 조만재, 변영호)팀이 차지했다.‘Lalala’팀은 ‘고객 맞춤형 정보를 통한 새로운 경험 제공, 제휴사 방문 편의성 향상’이라는 컨셉으로 방향성을 제시하고 고객 특성 및 구매 상품 정보 기반 개인화 추천 알고리즘을 개발해 눈길을 끌었다. 특히 하이브리드 협업필터링 분석방법론을 정확히 이해하고 적절하게 적용해 결과를 도출했으며, 향후 비즈니스 활용을 위한 구체적인 안을 제시해 심사위원들로부터 높은 점수를 얻었다.대상을 수상한 ‘Lalala’팀은 “평소 접하기 힘든 데이터를 직접 분석해 유의미한 결과를 도출해 볼 수 있는 좋은 경험이었다.”며 “고객의 입장에서 빅데이터의 가치를 발견하기 위해 노력하고, 다양한 분석기법을 접목시키면서 빅데이터 분석 전문가로서 한 단계 더 성장할 수 있었다.”고 전했다.최우수상에는 DataPoor(서동현, 정여주, 김다영)팀, 안래리(전예리, 안효인, 오래은)팀, 우수상에는 DAPENDA(차욱현, 김제경, 노여명)팀, 대왕왕밤빵(임진영, 이지은, 최세환)팀, 창홍점(박정수, 김창현, 하홍석)팀이 선정됐다.수상 팀에게는 대상 300만원(1팀), 최우수상 200만원(2팀), 우수상 100만원(3팀)의 상금이 주어지고, 대상과 최우수상 수상자에게는 롯데멤버스 통계분석 관련 직무 지원 시 18년도 인턴 및 공채 1차 서류전형 면제 혜택이 특전으로 제공된다.롯데멤버스 빅데이터팀 신수경 팀장은 “이번 엘포인트 빅데이터 컴피티션은 작년보다 더욱 많은 참가자들이 신청해 다양한 아이디어와 열정을 보여줬다. 덕분에 내부 임직원들도 새로운 관점에서 데이터를 바라볼 수 있었고 다양한 분석 방법론을 배울 수 있는 귀중한 시간이었다.”며 “앞으로도 엘포인트의 빅데이터를 중심으로 유통 빅데이터 연구 활성화에 기여하고, 국내 빅데이터 산업을 선도하는 데 앞장설 것”이라고 전했다.이승한기자"
"5","
                    롯데멤버스(대표이사 강승하)의 ‘2017 L.POINT 애널리틱스 컨퍼런스’가 11월 15일 약 200여명의 L.POINT(이하 엘포인트) 내ㆍ외부 제휴사 대표이사 및 임원들이 참석한 가운데 롯데호텔월드에서 성황리에 막을 내렸다.이번 ‘2017 L.POINT 애널리틱스 컨퍼런스’는 4차 산업혁명 시대를 맞이하여 데이터 분석 역량과 신기술에 대한 관심이 고조되고 있는 가운데, 빅데이터 기반의 가치 창출 사례를 공유하고 2018년 빅데이터 컨설팅 추진 방향을 제안하기 위해 개최되었다.이번 컨퍼런스는 ‘고객분석(Customer Analytics) 전략과 사례’를주제로 진행됐다. 특히 개방형 플랫폼으로 확장하고 있는 L.POINT 빅데이터 분석기반의 역할 및 전문 컨설팅 분야 확대에 대한 심도 깊은 논의가 이루어졌다.강승하 대표이사의 환영사로 시작해 총 2개 세션으로 구성되었으며, 1부에서는 엘포인트 임원 발표와 외부 강연으로진행됐다.컨설팅 부문에서는 마케팅과 상품 영역의 컨설팅 적용뿐 아니라성장을 위한 두 가지 추진 계획에 대해서 발표했다.오상우 컨설팅부문장은 “고객 인사이트 분석을 넘어 상품, 마케팅 전략까지도 제안할 수 있는 역량을 키우고, 협력사와 동반성장을 위한 맞춤형 컨설팅도 추진할 계획”이라고 밝혔다.빅데이터 부문에서는 ‘빅데이터를 활용한 소비 트렌드 및 디지털분석 플랫폼’에 대해 소개했다. 황윤희 빅데이터부문장은“DSC(Digital Shared Center) 등 다양한 디지털 분석 플랫폼을 통해 고객을 이해하고 온?오프라인 고객 경험을 통합해 ‘옴니’서비스를 구현하기 위한 노력하고 있다”며 “고도화된 빅데이터분석기술을 통해 제휴사에 적용할 수 있는 다양한 서비스를 개발할 것”이라고 말했다.이어 글로벌 로열티 마케팅 전문 기업 아이미아(AIMIA)는 영국 슈퍼마켓 2위 업체인 세인스버리(Sainsbury’s)가 타사와 달리 세계 경제 불황 이후에도 영국 내 안정적인 점유율을 유지할 수 있었던 고객 분석 활용 사례를 통해 선도 업체들이 빅데이터를어떻게 분석?활용해 가치를 창출하는가에 대해 소개했다.한편 2부에서는 엘포인트 내?외부 제휴사 담당자들과 함께 2017년을 되돌아보고, 외부 강연과 다양한 사례 발표를 통해 향후 엘포인트의 전략적 방향에 대해 논의하는 시간을 가졌다.롯데멤버스 강승하 대표이사는 “신기술 도입을 통한 비즈니스 혁신을 위해서는 빅데이터 분석 역량 확보가 선행되어야 한다.”라며 “롯데멤버스는 더욱 면밀한 빅데이터 분석기술을 통해 새로운 유통환경에 발맞추고 빅데이터 컨설팅역량 혁신에박차를 가할 예정이다. 향후 엘포인트의 빅데이터 분석 기술은급변하는 비즈니스 환경에 놓인 기업들에게 해결책과 전망을제공하고, 고객들에게는 고도로 섬세한 맞춤형 서비스를 제공하게 될 것”이라고 말했다.김정한기자 "
"6","
                    [앵커]말씀드린 대로 이렇게 새로운 등장을 예고하고 있는 인터넷 전문은행이 과연 금융의 구조를 바꿀 수 있을 것인가… 큰 관심이 모아지고 있습니다. 소비자 입장에선 뭐가 달라지는 건지도 궁금하지만, 과연 청사진처럼 제대로 운영이 될 수 있을 것인가, 이게 가장 큰 관심사항이기도 하죠.이번에 예비인가를 받은 곳 중 한 곳인 카카오 모바일뱅크의 TF 팀장. 윤호영 부사장을 옆에 잠깐 모셨습니다. 어서 오십시오.[윤호영/카카오 모바일뱅크 TF 부사장 : 반갑습니다.][앵커]우선 제일 관심이 가는 부분이 중금리 신용대출 문제인 것 같습니다. 왜냐하면 지금 제1금융권을 제외하고는 상당히 대출금리가 더 높기 때문에 30%가 넘는 데도 있지 않습니까? 그런데 10%대로 한다라는 것이 어떻게 구조적으로 가능한 문제인가 하는 문제인데. 뭐라고 말씀하시겠습니까?[윤호영/카카오 모바일뱅크 TF 부사장 : 인터넷은행은 기본적으로 비용이 적은 구조를 갖고 있습니다. 지점이 없고 인력도 상당히 적고. 이런 저비용 구조를 기본으로.][앵커]경상비용이 적게 들어간다는 얘기죠?[윤호영/카카오 모바일뱅크 TF 부사장 : 그래서 이런 저비용 구조로 금리를 낮출 수 있는 힘이 있습니다.][앵커]그게 10% 중금리 대출의 모든 근거가 될 수 있을까요?[윤호영/카카오 모바일뱅크 TF 부사장 : 또 하나가 있는데 그건 이제 빅데이터를 기반으로 한 신용평가입니다. 저희 인터넷은행은 기존 금융권에서 쓰고 있는 신용평가 데이터 위에 온라인에서 발생하는 여러 가지 빅데이터를 통해서…][앵커]그 사람의 신용을 파악할 수 있는 갖가지 다른 데이터가 있다.[윤호영/카카오 모바일뱅크 TF 부사장 : 네.][앵커]그러니까 지금 금융권에서 하고 있는 것 외에 예를 들면. 책을 많이 사본 것도 그중에 들어간다고 하던데.[윤호영/카카오 모바일뱅크 TF 부사장 : 네, 맞습니다. 그리고 온라인 전자상거래에서 쇼핑했던 이력들, 게임을 해서 게임 아이템을 샀던 이력들, 이모티콘 등등의 여러 가지 온라인의 빅데이터가 그 안에 들어갔으면 기존에 있는 신용평가등급보다는 훨씬 더 고도화되어서 정확한 신용평가가 나오기 때문에.][앵커]그만큼 지불능력이 있는가 하는 것을 빅데이터로 파악할 수 있다.[윤호영/카카오 모바일뱅크 TF 부사장 : 네.][앵커]그런데 이제 아무래도 돈을 빌려주는 은행 입장에서는 여태까지 다른 은행들을 보면 그 부분을 굉장히 보수적으로 판단하지 않습니까?[윤호영/카카오 모바일뱅크 TF 부사장 : 네, 맞습니다.][앵커]그래야만 안전성이 은행으로써는 담보가 되는 것이기 때문에. 그런데 빅데이터에서 물론 정확한 것을 파악한다 하더라도 그것 가지고 과연 돈을 그렇게 빌려줘도 되는 것이냐 하는 것을 그냥 객관적인 입장에서 보자면 우려되는 바가 있지 않을까요? 다시 말하면 담보일수록 더욱더 보수적으로 판단해야 은행이 안전하지 않겠느냐 하는 것인데. 괜찮겠습니까?[윤호영/카카오 모바일뱅크 TF 부사장 : 저희는 고객을 이해하는 데 그 빅데이터가 얼마나 정확한지 이해하는 데 어느 정도 시간이 걸린다고 생각합니다. 그 시간 동안에는 저희가 그 빅데이터 이전에 기존의 금융권에서 했었던 기본적인 신용평가 데이터에 비용이 저렴한 그 가격 경쟁력에다가 금리를 낮춰서 가고, 고객을 이해하면 이해할수록 더 기존에 있는 금리보다 더 낮은 금리가 가능하다고 생각합니다.][앵커]하여간 자신감을 가지고 시작하시는 거는 누가 뭐라고 할 수 없는 거니까. 과연 이번에 이제 그러한 신용평가가 그야말로 상식적으로 작동할 수 있겠느냐 하는 것을 시험대에 올린다고 봐도 될 것 같습니다. 어떻게 보면.[윤호영/카카오 모바일뱅크 TF 부사장 : 네, 맞습니다.][앵커]아마 문제는 아까 잠깐 말씀드렸습니다만 초기 3년을 적자를 예상하고 계시던데.[윤호영/카카오 모바일뱅크 TF 부사장 : 네.][앵커]소비자 입장에서는 내가 돈을 맡기든 빌리든 하는 곳이 지속성에 대한 신뢰가 있어야 되는데. 3년 동안 적자 이후에 과연 그 이후에 예를 들어서 흑자로 전환할 수 있겠느냐, 그때까지 잘 버틸 수 있겠느냐 하는 불안감이 있을 것 같습니다. 그건 어떻게 답변하시겠습니까?[윤호영/카카오 모바일뱅크 TF 부사장 : 그런데 그 부분은 저희가 참 많이 고민했던 부분이고요. 그래서 저희는 은행을 출범할 때 기본적으로 안정성을 굉장히 중요시했습니다. 그래서 참여하는 주주에, 기존에 있는 금융권 주주가 60%의 지분을 갖고 적자보다 훨씬 큰 자본금 3000억을 가지고 시작을 합니다. 그래서 혁신성이 여러 차례 시도가 되더라도 큰 안전성을 통하여 기존에 있는 3년이라는 적자구간들은 해소가 될 수 있다고 보고 저희는 3년이라는 기간을 적자라는 기간으로 보기보다는 그때는 고객을 알아가고 고객을 위해 고객의 편리성을 위한 투자하는 기간이라고 생각합니다. 그래서 그런 투자와 고객의 편리성이 점점 확산이 되면 안정성을 믿고 카카오뱅크를 이용할 거라고 생각합니다.][앵커]그런데 카카오뱅크는 지금 카카오에서 지분 가지고 있는 건 10%밖에 안 되던데요.[윤호영/카카오 모바일뱅크 TF 부사장 : 네.][앵커]왜냐하면 이제 은산분리이기 때문에. 당연히 그럴 수밖에 없는 거지만. 그래서 정부에서는 이걸 10%를 50%로 늘리겠다. 그런데 이게 은산분리는 워낙 지난 오랜 기간 동안 논쟁이 돼 왔던 부분이기도 하고. 그래서 야당에서 반대합니다. [윤호영/카카오 모바일뱅크 TF 부사장 : 네, 맞습니다.][앵커]다시 말해서 산업자본이 금융자본까지 다 이렇게 많이 갖게 되면 거기에 집중되는 자본급 집중의 역효과가 있기 때문에. 그런데 좋습니다. 아무튼 그게 나중에 어떻게 될지 모르겠습니다마는 지금 10%만 가지고 있는 카카오 입장에서 지금말씀하신 그런 사업들을 주체적으로 할 수 있겠느냐 하는 의문도 생깁니다.[윤호영/카카오 모바일뱅크 TF 부사장 : 저희는 은행업법이 바뀌기를 희망합니다. 그렇지만 바뀌지 않더라도 카카오뱅크는 모인 주주들은 카카오뱅크가 우리나라 최초의 인터넷 은행으로서 자리를 잘 잡고 이게 혁신의 기반이 되기를 원합니다.][앵커]KT도 있습니다. 두 군데이기 때문에.[윤호영/카카오 모바일뱅크 TF 부사장 : 그래서 서로 경쟁해 가면서 이 은행이 잘 되고 이렇게 은행이 잘 된다고 하면 기존에 금산분리에 대해서 반대를 하셨던 분들도 이게 잘 작동이 될 수 있구나라고 하면 길을 열어줄 수 있도록 생각합니다.][앵커]아무튼 여러 가지로 새로운 시험대에 올리는 게 많이 있는 것 같습니다. 하여간 지켜보도록 하겠습니다. 윤호영 카카오 부사장이었습니다. 고맙습니다.[윤호영/카카오 모바일뱅크 TF 부사장 : 고맙습니다.]
                "
"7","
                    최대 음원사이트라는 이유로 음원사재기 의혹의 표적이 되고 있는 멜론이 차트의 신뢰도를 거듭 강조했다. 멜론을 운영하는 로엔엔터테인먼트의 신원수(52) 대표이사는 12일 '멜론 빅데이터 개방' 1주년을 계기로 ""음원 사재기에 대한 내용이 왜곡돼 전달되고 있다""고 지적했다. 멜론이 최근 내세우고 있는 것은 빅데이터. 생성 주기가 짧고, 형태도 수치 데이터뿐 아니라 문자와 영상 데이터를 포함하는 것이다. 멜론은 이를 토대로 소비자와 다양하게 소통할 수 있는 콘텐츠를 만들어낸다는 계획이다. 하지만, 특히 실시간 음원차트에서 빅데이터의 순도에 따른 '공정성'에 대한 의심이 제기돼왔다. 최근 멜론에서 수 천 개 '유령 ID'가 확인됐다는 보고가 잇따르면서 의혹은 더욱 부풀려졌다. 특정 ID에 숫자를 붙여 만드는 유령 ID들이 특정 가수(팀)의 곡을 동시 다발적으로 스트리밍하거나 다운로드한다는 것이다. 신 대표는 그러나 ""이미 조직 내에 데이터 분석팀을 두고 가비지 데이터(Garbage Data)에 대한 클리닝 시스템을 운영하고 있다""고 해명했다. 실제 데이터의 순도를 왜곡하는 '쓰레기 데이터'를 걸러내고 있다는 것이다. ""2년 전부터 이러한 문제(유령ID)에 대한 필터링이 진행 중이고 시스템에서 연달아 걸러지고 있다""고 전했다. 다만 ""제도적인 것, 즉 고객의 정보를 취득하고 정보를 보전하기 위해서는 아직 해결해야 할 점이 많다""는 판단이다. 또 음원 사재기 시도가 빅데이터 활용에 부정적인 영향을 끼치는 건 어렵다면서도 '가비지 데이터'와 경계를 짓기가 모호할 때도 있다고 밝혔다. 특정 가수의 팬덤이 비정상적으로 트래픽을 늘리는 경우다. 신 대표는 ""인터넷 사이트에서는 창과 방패의 대결이 벌어지고 있다""며 ""새로운 문제들이 생겨나고 있고 그것을 막기 위해 노력하고 있다. 완전하다고 말하기는 어렵지만 가치를 훼손하지 않도록 합리성을 위해 노력하고 있다""고 말했다. 음원차트 왜곡 시비에 대해서도 ""그렇지 않다""고 해명했다. ""멜론은 수백만명이 이용하는 데이터다. 1000~2000명의 가비지 데이터가 들어와 의미를 퇴색하기 힘들다""는 것이다. ""클리닝 시스템이 진화하고 있으니 염려를 하지 않아도 된다.""음원 차트를 왜곡하고 있는 또 다른 원흉으로 지적되고 있는 것은 음원차트의 맨 위에 노출되는 추천제도다. 특히 멜론은 자사가 유통하는 음원을 노출하는 경우가 많다는 의심을 받고 있다. 신 대표는 업계의 이해 관계자들 사이에 '추천 제도'가 가치에 부합하지 않으면 개선돼야 하지만, 추천제도가 필요하다는 입장이다. ""대형기획사나 인디뮤지션이나 내 음악을 알리는 기회를 어떻게 유효하게 잘 만들어내느냐가 중요하다. 소비자가 듣지 않은 것을 효과적으로 발굴하는 것이 중요하기 때문""이라는 것이다. 문제는 한정된 페이지에 노출되는 곡에 제한이 있다는 점이다. ""자원이 할당돼 있다는 것을 풀기 위해서는 공정성과 합리성이 필요하다. 그래서 추천 방식을 다양화하고 고도화할 생각이다. 인위적이고 특정한 선택에 의해서 공정성이나 합리성이 위협받을 수 있는 소지를 없애야 하기 때문이다. 그래서 소비자들이 어떤 음원을 듣는지 매핑(도표화)을 해서 이르면 연내 또는 연초에 (추천제도에 대한) 새로운 알고리즘을 개발할 것이다.""빅데이터 관련 프레젠테이션을 한 로엔엔터테인먼트 멜론사업부문 이제욱 부문장도 최근 추천곡 제도가 화두가 되고 있다며 ""빅데이터를 기반으로 소비자 개별 취향을 분석, 개인화 추천 시스템 도입 등을 고려하고 있다""고 알렸다. 신 대표는 추천제도로 인한 순위 왜곡에 대한 인식은 과장됐다고 본다. ""엠넷과 KT 역시 음원사이트 운영과 함께 음원을 유통하고 있다. 그런데 이들이 운영하는 차트를 봐도 로엔이 유통한 음원들이 비중이 높다. 1~100위를 볼 때 우리가 유통한 것이 50% 이상일 때도 있다""는 것이다. ""물론 현실적으로 개선해야 할 부분이 있는 것은 맞다""고 덧붙였다. 한편, 올해 설립 11주년을 맞은 멜론은 10년간 서비스 운영을 통해 구축한 빅데이터를 뮤지션(기획사)에 공개하고 고객에게 차별화된 음악 향유의 기회를 제공하는 'MLCP(Music Life Connected Platform)'을 지난해 론칭했다. 멜론은 이날 현재까지 612개 연예기획사와 2만2000명의 뮤지션이 이 플랫폼의 파트너센터에 등록해 여러 콘텐츠를 이용하고 있다고 밝혔다. 이 본부장은 ""이 가운데 79.3%는 그 동안 미디어에서 쉽게 접할 수 없던 뮤지션""이라며 ""이는 파트너센터를 통해 팬 또는 잠재 팬들에 접근 및 소통이 가능하고, 높은 마케팅 효과를 기대할 수 있기 때문""이라고 말했다. ""공연 콘텐츠를 멜론에 직접 게시하는 것이 가능해지면서 인디뮤지션, 해외 아티스트의 팬과 음원 소비도 늘었다""고 부연했다. 인디 듀오 '신현희와 김루트', 인디싱어송라이터 허지영, 영국의 싱어송라이터 에드 시런 등을 예로 들었다. 이후 모바일 팬 커뮤니티 '멜론아지톡', MD몰 '멜론쇼핑', 이용자 참여 UGC 플랫폼 '멜론쇼윙', 공연의 티켓을 살 수 있는 '멜론티켓' 등 빅데이터 기반의 여러 신규 서비스를 선보인다는 계획이다.(뉴시스)
                "
"8","
                    강원도가 네이버와 손잡고 빅 데이터 산업의 요람으로 집중 육성된다.정부와 강원도 및 네이버 등은 11일 강원도청에서 강원창조경제혁신센터(이하 강원센터) 출범식을 가졌다. 강원센터는 정부가 10번째로 문을 여는 창조경제혁신센터로 강원대학교 한빛·보듬관에 2층 1267㎡ 규모로 설치됐다. 1층은 개방형 네트워크공간으로, 2층은 빅데이터존·컨설팅 공간·교육 및 네트워킹·스타트업 입주공간으로 각각 활동된다. 국내 최대 포탈기업인 네이버가 파트너이며 관광·헬스케어·바이오 등 정보기술(IT) 기반 융복합산업 육성에 나선다.강원센터는 모든 빅데이터 정보가 집적·거래될 수 있는 인프라를 구축한다. 전국 50여개 빅데이터 관련 기관과 협업해 민·관이 보유하고 있는 방대한 데이터를 통합 검색·활용할 수 있는 '빅데이터 포털'을 운영한다. 빅데이터 분석기법과 분석정보가 거래되는 '빅데이터 마켓'도 구축한다.강원센터는 경북·광주·경남혁신센터와 손잡고 빅데이터를 활용해 제조업과 정보기술(IT)이 결합된 스마트공장 모델로 제조업 혁신도 추진한다. 다양한 분야에 빅데이터를 적용한 비지니스 모델도 개발한다. 빅데이터 기반 창업과 사업화도 지원한다. 예비창업자와 기업이 필요로 하는 아이디어를 확보하고 성과를 공유하는 온라인 플랫폼 'K-크라우드(가칭)'도 구축·운영한다. 빅데이터와 함께 다수의 아이디어를 모아 해답을 찾는 크라우드 소싱을 활용해 강원지역 전략 산업인 관광, 헬스케어, 농업을 혁신하고 지역경제를 활성화하는 방안도 추진된다.강원센터는 건보공단, 심평원과 협업해 다양한 기능을 갖춘 스마트 의료기기 개발도 지원한다. 이를 위해 스마트 헬스케어 기기 제작에 필요한 각종 생체·운동정보 등 빅데이터 수집 플랫폼을 구축·제공한다.또 작물 생육정보 등 농업 빅데이터 수집·분석 플랫폼을 구축해 농가에 제공한다. 농가는 해당 플랫폼을 활용해 우수한 종자를 개발하고 천연물을 활용한 고부가가치 식의약품을 개발하게 된다. 강원센터는 빅데이터 분야 창업 활성화, 지역 중소 상공인 육성을 위해 총 1050억원의 자금도 지원한다. 네이버·중기청·기업은행이 700억원 규모를, 강원테크노파크 투자조합과 강원신용보증재단이 350억원 규모의 투융자 펀드를 조성·운영한다.이날 출범식에는 박근혜 대통령과 최양희 미래부 장관, 최문순 강원도지사, 김상헌 네이버 대표 등 150여명이 참석했다. 권오용 기자 bandy@joongang.co.kr
                "
"9","
                    지난 2009년 돼지 인플루엔자와 조류 인플루엔자가 결합한 'H1N1 바이러스(신종플루)'가 급속도로 확산되고 있었다. 아무도 이 바이러스의 정체를 알지 못했고 마치 흑사병처럼 수백만 명이 사망할지 모른다는 비관적인 뉴스가 흘러나와 전 세계 사람들은 공포에 떨었다. 그때 세계인을 구한 것은 놀랍게도 구글이었다. 구글은 바이러스 관련 검색어의 빈도수와 검색자들의 위치정보를 분석해 신종플루 바이러스의 확산 경로를 정확히 예측해 바이러스 확산를 막는데 결정적인 공헌을 했다. 빅데이터가 만들어낸 기적이었다.  바야흐로 빅데이터 시대가 왔다. 빅데이터를 모르고, 제대로 활용할 줄 모르는 사람들은 안타깝게도 도태될 수밖에 없다. 얼마 전 사우나에서 있었던 일이다. 피곤했는지 잠깐 잠이 들었는데 옆에서 도란도란 얘기하는 소리가 들렸다. ""나는 왜 젊은 사람들이 A씨를 좋아하는지 모르겠어."" 그리고는 종편 채널에 나오는 과거 힘 있었던 한 정치인의 열변에 박수를 치며 동감했다. ""맞아, 젊은 사람들이 무슨 세상 경험이 있다고 정치를 해. 정치는 모름지기 경험에서 우러나는 거야. 아무나 정치하나?""슬쩍 옆자리를 보니 나와 비슷한 연배의 노신사들이었다. 기가 막혔다. 세상이 어떻게 돌아가는지 전혀 모르는 것 같았다. 빅데이터를 분석하는 큐레이터들이 있는 시대에 옛날 호랑이 담배피던 시절의 경험이 무슨 소용이 있겠는가. 요즘 젊은 사람들은 하루 종일 컴퓨터와 휴대폰만 보고 산다. 거의 80%의 의사소통을 SNS를 통해 하고 있다. 이런 세계에서 살다보면 굳이 사람을 만날 필요도 없다. 혼자 인터넷을 친구 삼고 살아도 큰 지장이 없다. 그들은 1970~80년대 정치인들은 전혀 모른다. 오직 인터넷을 통해 회자되는 정치인들만 안다. 그러니 A씨와 같은 정치인들을 좋아하는 건 당연하다. 이런 세상에 살면서 아직도 과거를 회상하며 ""제 경험으로는 앞으로 국정은 이렇게 될 겁니다""고 열변을 토하는 구시대 정치인이나 그의 말에 박수를 치는 장년층 분들을 보니 기가 막혔다.앞으로 우리는 더욱 더 빅데이터에 의존하게 될 것이다. 빅데이터를 쉽게 풀이하면 그렇다. 예전에는 여론조사를 위해 1000~2000명의 표본을 선택해서 의견을 물었다. 그런데 빅데이터는 따로 여론조사가 필요 없다. SNS에서 오가는 수백, 수천만 건의 대화를 직접 분석하면 된다. 전문가에 의하면 최근 수년간의 누적된 빅데이터량이 지금까지 인류전체 데이터량의 90%를 넘는다고 한다. 수많은 CCTV는 물론, 스마트폰에 떠도는 한마디가 영원히 저장되고 분석됨으로써 과거에는 경험으로 미래를 예측했지만 이제는 데이터로 미래를 예측하는 시대가 됐다. 앞으로는 빅데이터를 모르면 정치도, 장사도, 공부도 할 수 없게 된다. 미국 독립전쟁 당시, 군사작전은 매우 단순했다. 일렬로 서 있다가 적이 나타나면 앞줄부터 총을 쐈다. 전쟁을 하는 순간에도 상대방을 이기겠다는 전술보다도 정정당당하게 승부를 본다는 기사도 정신이 먼저였다. 반면 우리의 전쟁은 달랐다. '손자병법' 등 오래 전부터 전쟁을 통한 데이터를 축적했기에 기습·매복 등 다양한 작전을 펼 수 있었다. 세상은 빠르게 변했다. 이제는 경험을 통한 데이터만으로는 부족하다. 전쟁에서 이기려면 빅데이터 분석이 필수다. 자신의 경험도 중요하지만 세상의 빅데이터도 필요하다. 특히 국정을 펴기 위해서는 새해에는 젊은이의 시선으로 국정을 분석하는 새로운 시각이 필요하다. 물론 데이터만 맹신해서도 안 된다. 아무리 데이터를 분석해도 알 수 없는 미래가 있기 때문이다. (hooam.com/ 인터넷신문 whoim.kr)
                "
"10","
                    앞으로 국가 정책수립, 대국민 서비스(복지·창업지원) 및 사회현안 대응(치안·사이버 공격) 등 국정운영 전반에 빅 데이터 활용이 본격화한다. 또 공공·민간의 공개된 데이터를 수집·분석하는 '빅 데이터 분석 플랫폼'을 관계부처 공동으로 이용할 수 있게 된다.안전행정부(장관 유정복)는 '정부 3.0'의 핵심과제인 빅 데이터 활용 확대 방안을 7일 국무회의에 보고했다고 밝혔다.먼저 2017년까지 97개 빅 데이터 활용사업을 추진해 데이터 기반의 과학적 정책수립과 맞춤형 서비스 제공을 확대하기로 했다.이중 안행부·미래부가 중점지원 과제로 선정한 국민생활·안전, 일자리 창출 및 국정과제 관련 23개 사업은 우선적으로 예산이 지원된다. 올해에는 지난해 보다 10억원이 늘어난 460억원(중앙 400억원, 지방 60억원)을 지원한다.또 올해는 25개 신규 사업을 추진하고 지난해 완료된 여가부 '위기 청소년 조기경보', 경찰청 '범죄확률 사전예측', 통계청 '일일 물가분석' 등 주요 과제들의 서비스 제공도 본격화된다.또한 지난해 12월 구축한 '빅 데이터 공통기반 플랫폼'을 통해 행정기관들이 공개된 공공과 민간의 데이터를 자유롭게 수집·분석·공유할 수 있게 지원한다. 또한, 공공데이터전략위원회(국무총리 소속)에서는 공공부문의 빅 데이터 추진전략과 국가적 우선순위를 심의·조정할 계획이다.아울러, 미래부 등 관계부처와 함께, 빅 데이터 분석을 통한 미래전략 수립과 현안해결을 지원할 '국가미래전략센터' 구축방안을 마련하고, 산·학·연 협력을 통한 빅 데이터 처리·저장 등 기초기술 개발과 전문인력 양성도 지원할 계획이다.유정복 안행부 장관은 ""빅 데이터 활용으로 정부 3.0의 핵심인 국민 맞춤형·지능형 서비스 제공을 효과적으로 추진할 수 있게 됐다""면서 ""앞으로 빅 데이터 활용을 적극 확산해 나가겠다""고 말했다.빅 데이터(big data)란 디지털 환경에서 생성되는, 규모가 방대하고 생성 주기도 짧고 형태도 수치와 문자, 영상까지 포함하는 대규모 데이터를 말한다. 이를 활용하면 일정한 패턴을 발견하거나 사람들의 행동은 물론 위치정보와 SNS를 통해 생각과 의견까지 분석하고 예측할 수 있다.(뉴시스)
                "
"11","
                                            더불어민주당 이재명 대선 후보가 26일 오전 서울 여의도 중앙당사에서 정치혁신 구상 발표를 위해 연단으로 이동하고 있다. 〈사진=연합뉴스〉         2022대선이 D-42를 맞았습니다. 대선일까지 이제 6주 남았습니다. 설 연휴와 TV 토론을 앞두고 지난 한 주간은 소강 국면에 들어가며 숨고르기를 하는 양상입니다.       오늘 지금 이 시간, 그리고 지난 한 주간 온라인상 대선 관련 민심, 관심의 흐름은 어떻게 전개되고 있을까요. JTBC가 기획ㆍ개발한 빅데이터 분석 플랫폼 'JTBC빅데이터랩'이 실시간으로, 그리고 한 주간 누적으로 관심과 호감의 변화 양상을 추적합니다.     26일 오전 기준, 지난 3일간 분석한 데이터를 보겠습니다. 우선 관심의 성격을 가늠하는 호감도 분석입니다.     더불어민주당 이재명 후보 긍정감성 33.09%, 중립 35%, 부정감성 31.91%로 분석됐습니다. 국민의힘 윤석열 후보는 어땠을까요. 긍정감성 29.34%, 중립 33.17%, 부정감성 37.49%로 분석됐습니다.       이 후보의 지난 한 주간(19~25일) 부정감성의 평균은 30.74%. 전(前)주(36.84%)에 비해 약 6% 포인트 떨어졌습니다. 이 기간 이 후보 관련 부정감성 언급을 자극하는 '대장동' 이슈가 크게 노출되지 않았습니다. 윤 후보의 지난 한 주간 부정감성 평균은 34.94%로 분석됐습니다. 전주(34.83%)와 비슷한 수준입니다.      한 주간(19~25일) 이재명 후보의 감성분석.           한 주간(19~25일) 윤석열 후보의 감성분석.         한 주간 부정감성 추이를 보면 윤 후보에게서 상승 동향이 감지됐습니다. 22~23일 상승했는데요. 이 시점에 윤 후보의 아내 김건희씨 관련 무속 논란이 불거지면서 윤 후보는 상대진영의 집중 공세를 받았습니다.    윤석열 후보의 감성분석 추이. 22~23일 부정 감성이 상승했다.          24시간 기준 두 후보 관련 핵심 연관 키워드는 어떻게 표출되고 있을까요.       이 후보는 주요 경쟁 상대인 윤석열 후보를 제외하면 '국민의힘'이 많이 언급되고 있습니다. 이어 '안철수', '(정책공약) 발표'가 언급량을 늘려가고 있습니다. '국민의힘'이 부정감성에서 표출되는 이유는 이 후보에 대한 선대위 차원의 공세가 조직적으로 본격화되고 있다는 것을 시사합니다.    24시간 기준 이재명 후보의 연관어 군집.                               24시간 기준 이재명 후보의 연관어 분석.          또 대선 국면이 중반전에 접어들면서 선거판세를 좌우할 결정적 변수가 야권 후보 단일화로 모아지면서 이 후보 진영과 지지자들이 이에 대한 경계심을 높여가고 있습니다. 이에 따라 온라인 커뮤니티를 중심으로 단일화 여부의 키를 쥐고 있는 국민의당 안철수 후보에 대한 언급량이 늘어가고 있는 것으로 풀이됩니다.    국민의힘 윤석열 대선후보가 26일 서울 여의도 국회 의원회관에서 열린 중앙선대본부 글로벌비전위원회 주최 정책토론회에서 인사말을 하고 있다.〈사진=연합뉴스〉        윤 후보는 이재명 후보를 제외하면 '김건희' , '안철수' , '장모', '무죄' 순으로 언급되고 있습니다. 윤 후보 장모의 요양급여 부정수급 혐의 관련 사건의 항소심 재판부가 무죄를 선고하면서 비중 있게 주목을 끌었다는 것을 알 수 있습니다.  24시간 기준 윤석열 후보의 연관어 군집.                                24시간 기준 윤석열 후보의 연관어 분석.         경쟁 상대인 이 후보가 26일 오전 설 명절과 TV 토론을 앞두고 네거티브 중단을 선언했다는 점에서 앞으로 연관어 '김건희'의 언급량이 어떻게 변동될 지 이목을 끌고 있습니다.       지난 사흘간 관심지수는 어떻게 분석됐는지 보겠습니다.      이 후보의 실질언급량(*아래 용어설명 참조)은 8295건, 윤 후보는 7172건이었습니다. 언급량의 질적 평가인 이슈 집중도(*아래 용어설명 참조)에서 이 후보는 404.5, 윤 후보는 454.9이었습니다. 따라서 100으로 환산한 관심지수는 이 후보 47.1 vs 윤 후보 52.9로 집계됐습니다.    관심지수 추이.        주간 관심지수 추이를 보겠습니다. 한 쪽의 이슈 점화력이 세면 다른 쪽은 약화되는 2자 상대 비교 조건에서 40~60 밴드 안에서 관심지수가 움직이면 이슈 공방이 치열하다는 뜻입니다. 지난 한 주간은 한 쪽이 일방적으로 많이 언급되는 상황이 발생하지 않았습니다. 대체로 40~60 밴드 안에서 관심량 경합을 벌였습니다.      20일 두 후보의 관심지수 경합이 40~60선 밴드를 살짝 넘었습니다. 국민의힘 대선 경선 주자였던 홍준표 의원이 윤 후보에게 보궐선거 전략공천을 요구했다는 얘기가 흘러나오면서 이슈를 빨아들였습니다. 원팀 구성을 앞둔 시점에서 윤 후보가 이를 수용하지 않는 모양새를 취하면서 공방이 이어졌습니다.      반면 이 후보 측은 국민의힘 선대위 측과 공방을 이어가며 소모전을 벌였습니다. 이 후보는 이날 세계적 투자가인 짐 로저스 로저스홀딩스 회장과 화상 대화를 했지만 언급량에선 다른 연관어들에 밀렸습니다.         ■ 용어 설명     실질 언급량 = 검색어 관련 핵심어구(句)가 포함된 글(또는 기사)만 따로 뽑아 계산한 언급량. 단순히 빈도만 세는 기계적 언급량 분석과 다르다.     이슈 집중력 = 언어군집(키워드ㆍ핵심 어구들로 형성)의 밀도를 계산한 함수값     관심 지수 = 비교 대상들의 이슈 집중력을 100으로 환산해 나타낸 값     ※ 빅데이터 분석은 선거 여론 조사와 다릅니다. 세대와 성별, 지역 등에 따라 표본 추출을 하는 여론조사와 달리 빅데이터 분석은 온라인에 올라온 텍스트만 분석합니다. 온라인상의 정치 관련 생각과 마음을 읽는데 특화된 분석 방법이기에 후보에 대한 지지도를 묻는 여론조사와 근본적으로 다릅니다. 분석 방법과 데이터 출처 등은 관련 기사(→https://news.jtbc.joins.com/article/article.aspx?news_id=NB12033954)에서 참조하시기 바랍니다.  "
"12","
                    국민의힘 윤석열 대선 후보(앞줄 가운데)가 14일 오후 경남 창원시 성산구 창원컨벤션센터에서 열린 경남 선대위 필승결의대회에서 참석자들과 함께 풍선을 날리기 전 기념 촬영을 하고 있다. 〈사진=연합뉴스〉2022대선이 D-49 고지에 올라왔습니다. 대선일까지 7주 남았습니다. 대선판은 미공개 통화 녹취 공방이 이어지며 폭로전 양상으로 확전되고 있습니다. 오늘 그리고 지난 한 주간 온라인상 대선 관련 민심, 관심의 흐름은 어떻게 전개되고 있을까요. JTBC가 기획ㆍ개발한 빅데이터 분석 플랫폼 'JTBC빅데이터랩'이 실시간으로, 그리고 한 주간 누적으로 관심과 호감의 변화 양상을 추적합니다.지난 16일 저녁 국민의힘 윤석열 후보의 아내 김건희씨의 미공개 통화 녹취가 방송된 이후 사흘이 지났습니다. 온라인상 관심과 호감도는 어떻게 움직였을까요. 12일 오전 기준, 지난 3일간 분석한 데이터를 보겠습니다. 우선 관심의 성격을 가늠하는 호감도 분석입니다.<U+00A0>16~19일 오전 두 후보에 대한 감성분석 결과.  더불어민주당 이재명 후보는 지난 3일간 긍정감성 28.6%, 부정감성 34.7%로 분석됐습니다. 국민의힘 윤 후보는 긍ㆍ부정 각각 30.1%, 34.7%로 나타났습니다.부정감성의 지난 일주일 평균이 이 후보 36.84%, 윤 후보 34.83%였습니다. 윤 후보는 아내 김건희씨의 미공개 통화 녹취 방송으로 인한 부정감성 변화가 크지 않았던 것으로 분석됐습니다.이재명 후보의 미공개 통화 녹취가 공개된 18일. 방송에선 다뤄지지 않았지만 유튜브와 SNS 등을 통해 퍼지고 있어 파급이 주목됩니다. 이 후보는 이날 발 빠르게 사과를 하며 자세를 낮췄습니다.직전 24시간 빅데이터 분석결과 입니다. 부정감성 분석에서 이 후보는 34.6%로 나왔습니다. 윤 후보는 33%였고요. 부정감성 변화폭으로 볼 때 이 이슈가 이 후보에겐 아직 영향이 크지 않은 것으로 보입니다. 하지만 국민의힘 측에서 형평성을 주장하며 이 후보의 미공개 녹취 파일도 방송하라고 맹공을 펴고 있어 변수로 작용하고 있습니다. 좀 더 지켜봐야 할 대목입니다.24시간 기준 두 후보 관련 핵심 연관 키워드는 어떻게 표출되고 있을까요.<U+00A0>24시간 기준 이재명 후보의 연관어 군집.  먼저 이 후보입니다. 주요 상대인 윤석열 후보를 제외하면 '국민의힘'이 많이 언급되고 있습니다. 이어 '욕설', '공개'가 언급량을 늘려가고 있습니다. 두 키워드는 부정문장에서 주로 언급되고 있습니다.<U+00A0>24시간 기준 이재명 후보의 연관어 분석. 24시간 기준 윤석열 후보의 연관어 분석. 윤 후보도 이재명 후보를 제외한 경우, '김건희', '여의도', '통화'가 수위에 올랐습니다. 미공개 통화 녹취 방송 이후 사흘이 지났지만 윤 후보를 둘러싼 이슈는 통화의 여진권을 벗어나지 못했다는 것을 알 수 있습니다.<U+00A0>24시간 기준 윤석열 후보의 연관어 분석. 대선 관련 연관어 군집. 실시간 검색어 '대선'의 연관 검색어 군집에선 '김건희'가 중심 자리를 차지했습니다.<U+00A0>더불어민주당 이재명 대선 후보가 19일 서울 강남구 업비트라운지에서 열린 가상자산 거래소 현장 간담회에 앞서 가상자산 플랫폼(빗썸)에 가입하고 있다. 〈사진=연합뉴스〉 지난 사흘간 관심지수는 어떻게 분석됐는지 보겠습니다.이 후보의 실질언급량(*아래 용어설명 참조)은 8215건, 윤 후보는 9005건이었습니다. 언급량의 질적 평가인 이슈 집중도(*아래 용어설명 참조)에서 이 후보는 421.7, 윤 후보는 486.8이었습니다. 따라서 100으로 환산한 관심지수는 이 후보 46 vs 윤 후보 54로 집계됐습니다.<U+00A0>관심지수 추이 주간 관심지수 추이를 보겠습니다. 한 쪽의 이슈 점화력이 세면 다른 쪽은 약화되는 2자 상대 비교 조건에서 40~60 밴드 안에서 관심지수가 움직이면 이슈 공방이 치열하다는 뜻입니다.12일과 17일, 두 후보의 관심지수 경합이 40~60선 밴드를 크게 벗어났습니다. 12일 이 후보는 70을 넘었고 17일 윤 후보는 71을 기록했습니다. 12일 이 후보에 대한 관심도를 키운 사건은 변호사비 대납 의혹 제보자의 사망 사건이었습니다.또 17일 윤 후보는 전일 아내 김건희씨 관련 미공개 통화 녹취가 방송을 통해 공개된 뒤 긍부정 여파가 밀려오며 관심도가 크게 치솟았습니다. 연관어 '대장동'과 '김건희'가 온라인상에서 두 후보에 대한 관심에 큰 영향을 미치는 변수라는 것을 다시 확인할 수 있었습니다.■ 용어 설명실질 언급량 = 검색어 관련 핵심어구(句)가 포함된 글(또는 기사)만 따로 뽑아 계산한 언급량. 단순히 빈도만 세는 기계적 언급량 분석과 다르다.이슈 집중력 = 언어군집(키워드ㆍ핵심 어구들로 형성)의 밀도를 계산한 함수값관심 지수 = 비교 대상들의 이슈 집중력을 100으로 환산해 나타낸 값※ 빅데이터 분석은 선거 여론 조사와 다릅니다. 세대와 성별, 지역 등에 따라 표본 추출을 하는 여론조사와 달리 빅데이터 분석은 온라인에 올라온 텍스트만 분석합니다. 온라인상의 정치 관련 생각과 마음을 읽는데 특화된 분석 방법이기에 후보에 대한 지지도를 묻는 여론조사와 근본적으로 다릅니다. 분석 방법과 데이터 출처 등은 관련 기사(→https://news.jtbc.joins.com/article/article.aspx?news_id=NB12033954)에서 참조하시기 바랍니다.<U+00A0>
                "
"13","
                                            더불어민주당 이재명 대선 후보가 18일 오후 서울 마포구 누리꿈스퀘어에서 열린 중앙선대위 여성위원회 필승결의대회에서 화상으로 연결된 당원들과 기념 촬영을 하고 있다. 〈사진=연합뉴스〉        안갯속 대선판이 숨가쁘게 돌아가고 있습니다. 캐스팅보트를 쥐고 있는 2030의 표심을 놓고 양보 없는 각축이 이어지는 가운데 대선을 49일 남긴 시점에서 최대 변수는 TV토론과 야권 후보 단일화로 압축돼 가는 양상입니다.     특히 지난 한 주간(12~18일)은 단일화 이슈가 소강 상태를 보인 반면 TV 토론을 둘러싼 협상 국면이 온라인상 정치 흐름에서 주요한 줄기를 형성했습니다. 김건희씨의 통화 녹음 파일이 TV 프로그램을 통해 방송되면서 뜨거운 공방 속에 언급량이 늘어났습니다. 'TV토론'과 'TV방송', 이 두 키워드가 어떻게 한 주간 대선판에서 작동했는지 함께 살펴보겠습니다.    JTBC빅데이터랩은 뉴스ㆍ커뮤니티ㆍ블로그 등 온라인상의 민심 동향을 추적해 분석하고 있습니다.       일주일 누적 데이터부터 보겠습니다. 대선이 다가오면서 눈에 띄는 변화는 확실히 언급량이 늘었다는 겁니다. 더불어민주당 이재명 후보 관련, 실질적으로 언급된 키워드 총량은 4만 5507개였습니다. 직전 일주일엔 3만 2207개가 표출됐습니다.  12~18일 한 주간 더불어민주당 이재명 후보의 연관어 군집.        이 후보와 세트로 언급되는 윤석열 후보가 수위를 차지한 가운데 주요 연관 키워드는 '국민의힘(5751개)' ,'안철수(3281개)','의혹(2995개)'순으로 언급됐습니다. '안철수'는 야권 단일화 가능성을 주시하면서 많이 언급됐습니다. 또 변호사비 대납 의혹 제보자의 사망 사건으로 '의혹'이 많이 표출됐습니다.       그런데, 이 후보의 주요 경쟁 상대인 국민의힘이 연관어 군집의 중심 자리를 차지한 것은 처음입니다. 이유가 뭘까요. 조금 뒤에서 분석 결과를 함께 보시겠습니다.       윤석열 후보 관련 연관어는 5만 7327개가 잡혔습니다.       윤 후보는 이재명 후보가 가장 많이 언급되고 있고 이 후보를 제외한 주요 연관 키워드는 '김건희(7558개)', '안철수(4101개)', '통화(3486개)'순으로 나타났습니다. 당 내홍이 수습되면서 지난 몇 주간 수위를 차지했던 '이준석' 키워드가 약해지고 그 자리가 '김건희'로 대체됐습니다.    12~18일 한 주간 국민의힘 윤석열 후보의 연관어 군집.         주목할만한 점은 윤 후보에게 최대 악재로 작용하던 가족 리스크가 이번 국면에선 큰 충격을 일으키지 않고 관리되고 있다는 점입니다. '김건희' 키워드가 표출될 때 45% 이상 치솟았던 부정 감성이 30~40% 밴드에서 안정적인 흐름을 보였습니다.       일별 중심 키워드 흐름을 통해 대선판의 민심이 어떻게 형성되고 있는지 살펴보겠습니다.       더불어민주당 이 후보 관련 중심 키워드는 윤 후보를 제외할 경우, '의혹(12일)'-'국민의힘(13일)'-'국민의힘(14일)'-'국민의힘'-'강원도'-'국민의힘(17일)'-'국민의힘(18일)' 순으로 표출됐습니다.       '강원도' 방문 앞뒤로 '국민의힘'이 핵심 연관 키워드로 자리잡았던 이유는 뭘까요.       빅데이터 분석업체 히든 그레이스 김성은 본부장은 ”13~14일 '국민의힘'이 중립문장 속에서 많이 표출됐다“며 ”관련 기사 또는 게시글을 분석해보면 TV토론 관련 언급이 많았다“고 말했습니다. 이 후보 진영이 TV토론 협상을 둘러싸고 일정, 의제, 득실 계산 등 대선 후반전의 분수령이 되는 TV토론 이슈에 화력을 집중시켰다는 것을 엿볼 수 있습니다.    12~18일 한 주간 더불어민주당 이재명 후보의 감성분석.        눈길을 끄는 것은 12일 변호사비 대납 '의혹'이 중대 이슈로 부각됐으나 TV토론 관련 언급들이 쏟아지면서 하루만에 주목도가 떨어졌다는 점입니다. 이날 45%까지 치솟았던 이 후보 관련 부정감성도 시나브로 하향 곡선을 그렸습니다. 부정감성 평균은 36.84로% 전주(33.59%)와 비교해 안정세를 유지했습니다.       더불어민주당 이재명 후보의 감성분석 추이. 12일 변호사비 대납 의혹 제기자의 사망 사건으로 부정감성이 치솟았으나 빠르게 하락세를 보였다.                뉴스와 온라인 커뮤니티에서 단일화 변수에 따른 이해득실을 논하는 글들이 많아지면서 연관어 '안철수'가 검색어 '이재명' 앞뒤에서 많이 표출됐습니다. 부정감성 평균은 33.59%로 전주(33.07%)와 크게 차이 없었습니다.       17~18일 수위를 차지한 연관어 '국민의힘'은 김건희씨의 통화 녹취가 TV프로그램을 통해 방송된 뒤 이 후보 진영의 맹공이 이어지면서 '김건희' 관련 부정 언급에서 많이 표출됐습니다.       전반적으로 보자면, 이 후보 진영 밖에서 발생하는 악재가 터지고 있지만 조직력으로 방어하고 있습니다. 악재마다 발 빠르게 신규 이슈로 관심을 돌리고 있는 양상을 빅데이터가 보여주고 있습니다.      국민의힘 윤석열 대선 후보가 14일 오후 경남 창원시 마산합포구 신신예식장을 방문한 뒤 지지자들과 인사하고 있다. 〈사진=연합뉴스〉         국민의힘 윤 후보 관련 중심 키워드(이 후보 제외할 경우)는 '안철수(12일)'-'안철수'-'김건희'-'김건희'-'부산'-'김건희'-'김건희' 순으로 분석됐습니다. 국민의당 안철수 후보가 여론조사 지지율 상승세를 이어가면서 단일화를 놓고 각종 예상과 분석이 쏟아졌습니다. 하지만 통화 녹취 이슈의 자장 속으로 다른 이슈들이 빨려 들어갔습니다.       한 주간 누적 부정감성 평균은 34.83%. 위기 국면에서 전주(31.56%)에 비해 크게 벌어지지 않았습니다.    12~18일 한 주간 국민의힘 윤석열 후보의 감성분석.                               국민의당 안철수 대선 후보가 18일 오후 전남 함평군 대동면에서 최진석 서강대 철학과 명예교수를 만나고 있다. 안 후보는 이날 예정된 일정을 취소하고 노장 철학의 대가이자 문재인 정부에 대해 비판적 발언을 해 온 최 명예교수의 자택을 찾았다. 〈사진=연합뉴스〉        국민의당 안철수 후보는 연관어 3만 3079개로 분석됐습니다. 단일화 정국의 한복판에 선 안 후보는 정중동 행보 속에 지지율 상승을 꾀하고 있는 모양새입니다. 뚜렷한 이슈 플레이가 부각되지 않았지만 3자 구도는 정립돼 가는 양상을 연관어 군집을 통해 확인할 수 있습니다.    12~18일 한 주간 국민의당 안철수 후보의 연관어 군집.              ■ 용어 설명  실질 언급량 = 검색어 관련 핵심어구(句)가 포함된 글(또는 기사)만 따로 뽑아 계산한 언급량. 단순히 빈도만 세는 기계적 언급량 분석과 다르다.  이슈 집중력 = 언어군집(키워드ㆍ핵심 어구들로 형성)의 밀도를 계산한 함수값  관심 지수 = 비교 대상들의 이슈 집중력을 100으로 환산해 나타낸 값     ※ 빅데이터 분석은 선거 여론 조사와 다릅니다. 세대와 성별, 지역 등에 따라 표본 추출을 하는 여론조사와 달리 빅데이터 분석은 온라인에 올라온 텍스트만 분석합니다. 온라인상의 정치 관련 생각과 마음을 읽는데 특화된 분석 방법이기에 후보에 대한 지지도를 묻는 여론조사와 근본적으로 다릅니다. 분석 방법과 데이터 출처 등은 관련 기사(→https://news.jtbc.joins.com/article/article.aspx?news_id=NB12033954)에서 참조하시기 바랍니다.    "
"14","
                              더불어민주당 이재명 대선 후보가 12일 오전 서울 서초구 한국산업기술진흥협회에서 산업 분야 정책 공약을 발표한 뒤 행사장을 떠나며 한 어린이에게 사인해주고 있다.  〈사진=연합뉴스〉         2022대선이 D-56 시점입니다. 대선일까지 8주 남았습니다. 2022대선판은 야권의 단일화 이슈가 수면에 부상하면서 매일 역동적인 그림을 만들어가고 있습니다. 오늘 그리고 지난 한 주간 주요 후보들을 둘러싼 온라인상 대선 관련 관심의 흐름은 어떻게 진행되고 있을까요.     JTBC가 기획ㆍ개발한 빅데이터 분석 플랫폼 'JTBC빅데이터랩'이 실시간으로, 그리고 한 주간 누적으로 관심과 호감의 변화 양상을 추적합니다.     12일 오전 기준, 직전 24시간 분석한 데이터를 보겠습니다. 우선 호감도입니다.   24시간 기준 이재명 후보의 감성분석.              더불어민주당 이재명 대선후보는 긍정감성 30.6%, 부정감성 36.15%, 중립 33.79%로 분석됐습니다. 5~11일 부정감성 평균이 33.59%. 약 3% 가량 상승했습니다.       눈에 띄는 점은 12일 자정부터 오전 11시 현재 부정감성 분석입니다. 46.16%로 크게 상승했습니다. 이 후보의 '변호사비 대납 의혹' 관련 녹취록 최초 제보자가 숨진 채 발견돼 경찰이 수사에 나섰다는 뉴스가 나온 뒤 호감도가 얼어붙고 있습니다.    12일 자정~정오 12시간 이 후보의 감성분석.              국민의힘 윤석열 대선후보는 긍정감성 31.35%, 부정감성 33.52%, 중립 35.13%로 분석됐습니다. 5~11일 부정감성 평균이 33.59. 24시간 기준 윤 후보의 부정감성은 평균 수준에 수렴하고 있습니다. 12일 자정부터 오전 11시 현재 부정감성은 32.28%였습니다.    24시간 기준 윤석열 후보의 감성분석.               24시간 기준 두 후보 관련 핵심 연관 키워드는 어떻게 움직이고 있을까요.      먼저 이 후보입니다. '국민의힘', '안철수', '경제' 등이 많이 언급되고 있습니다. 하지만 이날 오전 변호사비 대납 의혹 제보자가 숨졌다는 사실이 알려지면 '대장동', '의혹', '대납', '변호사비', '발견' 등 이 사건 관련 연관어들의 언급량이 늘어나고 있습니다.     윤 후보는 '안철수', '이준석', '멸공'이 핵심 연관어 군집에서 중심을 이루고 있습니다. 정용진 신세계 부회장이 '멸공' 논란 관련 확전을 경계하며 한 발 뒤로 뺐지만 검색어 '윤석열' 앞뒤에서 '멸공' 연관어가 많이 언급되고 있습니다.    국민의힘 윤석열 대선후보가 12일 서울 여의도 중앙당사에서 게임 산업의 불합리한 규제 정비 및 사용자 권익 보호 공약 발표를 하고 있다. 〈사진=연합뉴스〉              온라인 텍스트로 분석하는 이재명ㆍ윤석열 두 후보에 대한 관심지수는 어떻게 나오고 있을까요.      24시간 기준 실질언급량(*아래 용어설명 참조, ※ 검색어 관련 핵심어구(句)가 포함된 글 또는 기사만 따로 뽑아 계산한 언급량. 단순히 빈도만 세는 기계적 언급량 분석과 다르다)은 이 후보 3254건, 윤 후보 3513건으로 분석됐습니다.      이슈집중력(*아래 용어설명 참조)은 윤 후보(433.4)가 이 후보(421.7)보다 높았습니다. 이에 따라 관심지수(*아래 용어설명 참조)는 이 후보 49.3 vs 윤 후보 50.7로 분석됐습니다.      대선 관련 실시간 연관어 군집 분석. 국민의당 안철수 대선후보가 핵심 연관어로 부상했다.          실시간 검색어 '대선'의 연관 검색어 군집에선 '안철수'가 중심 자리로 부상했습니다. 국민의당 안철수 대선후보는 표면상 단일화 가능성에 선을 긋고 있지만 대선판 빅데이터 분석은 단일화 변수를 중심으로 '안철수'가 많이 표출되고 있다는 것을 보여주고 있습니다.    더불어민주당 이재명 후보와 국민의힘 윤석열 후보의 관심지수 추이.        한 주간 관심지수 추이입니다. 어떻게 요동쳤을까요. 두 후보의 관심지수가 40~60선 밴드에서 엎치락뒤치락 하는 양상입니다. 한쪽의 이슈 점화력이 세면 다른 쪽은 약화되는 2자 상대 비교 조건에서 40~60 밴드 안에서 관심지수가 움직이면 이슈 공방이 치열하다는 뜻입니다.     6일과 8일,10일 두 후보의 관심지수 경합이 40~60선 밴드를 벗어났습니다. 윤 후보의 관심지수가 67~68을 찍었습니다. 어떤 요인이 이런 집중 관심을 촉발했을까요. 함께 보시죠.       6일은 이준석 대표와 갈등이 극적 봉합된 날이었습니다. 8일 SNS에 올린 '여성가족부 폐지' 입장이 큰 반향을 불러왔습니다. 10일엔 안철수 국민의당 대선후보와 단일화 가능성을 놓고 이슈가 불이 붙었고 '멸공' 이슈 여진 속에서 윤 후보의 언급량이 크게 늘었습니다.       ■ 용어 설명     실질 언급량 = 검색어 관련 핵심어구(句)가 포함된 글(또는 기사)만 따로 뽑아 계산한 언급량. 단순히 빈도만 세는 기계적 언급량 분석과 다르다.     이슈 집중력 = 언어군집(키워드ㆍ핵심 어구들로 형성)의 밀도를 계산한 함수값     관심 지수 = 비교 대상들의 이슈 집중력을 100으로 환산해 나타낸 값     ※ 빅데이터 분석은 선거 여론 조사와 다릅니다. 세대와 성별, 지역 등에 따라 표본 추출을 하는 여론조사와 달리 빅데이터 분석은 온라인에 올라온 텍스트만 분석합니다. 온라인상의 정치 관련 생각과 마음을 읽는데 특화된 분석 방법이기에 후보에 대한 지지도를 묻는 여론조사와 근본적으로 다릅니다. 분석 방법과 데이터 출처 등은 관련 기사(https://news.jtbc.joins.com/article/article.aspx?news_id=NB12033954)에서 참조하시기 바랍니다.  "
"15","
                              국민의힘 윤석열 대선 후보가 지난 7일 오후 서울 여의도 당사에서 개발 특혜 의혹으로 피해를 본 대장동 원주민들과 면담하고 있다. 〈사진=연합뉴스〉          지난 한주간(1월 5~11일) 대선판은 단일화 변수와 후보간 지지율 각축이 본격화되면서 요동쳤습니다. 더불어민주당 이재명 대선후보 진영은 야권의 단일화 국면에 촉각을 바짝 세우는 정치 흐름이 포착됐습니다.      내부 분열상이 노출되면서 지지율 하강 국면 위기감이 컸던 국민의힘 윤석열 대선후보는 일단 내홍 수습과 함께 전열을 가다듬었습니다. 일부 여론조사에선 반전 기류가 나타나고 있습니다. 안철수 국민의당 대선후보는 윤 후보가 반등 조짐을 보이자 공세의 고삐를 바짝 잡으며 언급량이 늘어났습니다.     JTBC빅데이터랩은 뉴스ㆍ커뮤니티ㆍ블로그 등 온라인상의 민심 동향을 추적해 분석하고 있습니다.       일주일 누적 데이터부터 보겠습니다. 이재명 후보 관련, 실질적으로 언급된 키워드 총량은 3만 2207개였습니다.         대선판이 양강체제로 진행되면서 이 후보와 세트로 언급되는 윤석열 후보가 수위를 차지한 가운데 주요 연관 키워드는 '안철수(4171개)' ,'이준석(1732개)','대장동(1282개)'순으로 언급됐습니다.     5~11일 더불어민주당 이재명 대선후보의 연관어 군집.        안철수 후보가 각종 여론조사에서 두 자리 수 지지율을 확보한 것으로 확인되면서 야권 후보 단일화 이슈가 조용히 불을 당기고 있습니다. 이 후보를 비롯한 선대위 관계자들이 단일화에 대해 민감하게 촉각을 세우고 있는 양상을 연관어 '안철수'가 보여주고 있습니다.    5~11일 국민의힘 윤석열 대선후보의 연관어 군집.         윤석열 후보 관련 연관어는 실질 언급량 6만 144개였습니다.       윤 후보도 이재명 후보가 연관어 수위를 차지했고 뒤를 이은 주요 연관 키워드는 '이준석(7956개)' , '안철수(6635개)', '의원(3584개)'순으로 나타났습니다. 여전히 이준석 대표가 윤 후보 관련 언급량 수위를 차지한 가운데 특기할 만한 점은 '의원' 연관어의 부상입니다.      한 주간 윤 후보가 여성가족부 폐지, 멸공 논란, 병사 급여 200만원 등 가연성 높은 이슈들을 선점하거나 적극적으로 논쟁에 참가하면서 화력 있는 의원들의 공방전이 크게 늘었습니다.      더불어민주당 이재명 대선 후보가 지난 11일 오후 서울 영등포구 중소기업중앙회관에서 디지털·혁신 대전환위원회 정책 1호를 발표하고 있다. 〈사진=연합뉴스〉              일별 중심 키워드를 보겠습니다. 더불어민주당 이 후보 관련 중심 키워드는 윤 후보를 제외할 경우, '안철수(5일)'-'안철수'-'안철수'-'안철수'-'안철수'-'안철수(10일)'-'국민의힘(11일)' 순으로 표출됐습니다.      뉴스와 온라인 커뮤니티에서 단일화 변수에 따른 이해득실을 논하는 글들이 많아지면서 연관어 '안철수'가 검색어 '이재명' 앞뒤에서 많이 표출됐습니다. 부정감성 평균은 33.59%로 전주(33.07%)와 크게 차이 없었습니다.    한 주간 이 후보의 감성분석.              이 기간(5~11일) 동안 부정감성을 자극하는 '대장동', '아들' 관련 악재들이 연속 출몰하지 않았고, 논란이 불거질만한 민감한 발언들이 관리됐습니다.       국민의힘 윤 후보 관련 중심 키워드(이 후보 제외할 경우)는 '김종인(5일)'-'이준석'-'이준석'-'(여성가족부)폐지'-'안철수'-'안철수'-안철수' 순으로 분석됐습니다.       여전히 윤 후보 주변 인사들이 강한 연관어로 분석되고 있는 가운데 7자로 간명하게 천명한 여성가족부 폐지 입장이 강한 발화력을 보였습니다. 금주 들어선 단일화 관련 이슈가 눈덩이처럼 불어나면서 '안철수' 연관어가 검색어 '윤석열' 주변에서 많이 표출됐습니다. 부정감성 평균은 31.56%로 전주(38.87%)보다 7% 넘게 하락했습니다. 윤 후보의 부정감성은 2주 연속 7% 안팎의 가파른 하락세를 보였습니다.       윤 후보의 악재인 '가족 리스크'가 아내 김건희씨의 사과로 수습 국면에 들어갔고 '당 내홍' 등이 진정되면서 파급 효과가 나오고 있는 것으로 보입니다.     한 주간 윤 후보의 감성분석.         윤 후보와 안 후보간 대선 후보 단일화 논의가 예열 단계에 들어서면서 단일화 논의의 키를 쥐고 있는 안 후보의 발언과 행보에 관심이 쏠리고 있습니다. 단일화 논의가 일단 불 붙으면 여야 구분할 거 없이 대선판을 빨아들이는 블랙홀이 될 가능성이 큽니다.    5~11일 국민의당 안철수 대선후보의 연관어 군집.           안 후보의 한주간(5~11일) 데이터를 보겠습니다. 실질 언급량은 4만 2908개입니다. 핵심 연관어는 '윤석열(6514개)', '대선(4781개)', '이재명(3758개)'으로 분석됐습니다. 지지율 상승세를 탄 안 후보는 직전 일주일(2021년 12월 29일~2022년 1월 4일)부터 이 세 가지 키워드가 빈도 수 높게 표출되고 있습니다. 그 전 시점에는 주로 '대선', '국민의당' 등 연관어가 많았다는 점에서 안 후보가 이제 3자 구도에 안착하고 있는 모습입니다.       감성분석에서도 중립 감성이 많았으나 1월 들어 긍정ㆍ부정 감성이 활성화되고 있습니다. 관망 관점이 많은 중립 지대에서 '좋든, 싫든' 이슈 파이팅이 일어나고 있는 긍ㆍ부정 혼전 지대로 이동하고 있는 양상입니다.    안철수 후보의 감성분석 추이.               ■ 용어 설명     실질 언급량 = 검색어 관련 핵심어구(句)가 포함된 글(또는 기사)만 따로 뽑아 계산한 언급량. 단순히 빈도만 세는 기계적 언급량 분석과 다르다.     이슈 집중력 = 언어군집(키워드ㆍ핵심 어구들로 형성)의 밀도를 계산한 함수값     관심 지수 = 비교 대상들의 이슈 집중력을 100으로 환산해 나타낸 값     ※ 빅데이터 분석은 선거 여론 조사와 다릅니다. 세대와 성별, 지역 등에 따라 표본 추출을 하는 여론조사와 달리 빅데이터 분석은 온라인에 올라온 텍스트만 분석합니다. 온라인상의 정치 관련 생각과 마음을 읽는데 특화된 분석 방법이기에 후보에 대한 지지도를 묻는 여론조사와 근본적으로 다릅니다. 분석 방법과 데이터 출처 등은 관련 기사(https://news.jtbc.joins.com/article/article.aspx?news_id=NB12033954)에서 참조하시기 바랍니다.  "
"16","
                              국민의힘 윤석열 대선 후보가 5일 오전 서울 여의도 국민의힘 당사에서 열린 선거대책위원회 쇄신 관련 기자회견에서 발언을 하고 있다. 〈사진=연합뉴스〉        2022대선이 이제 D-63에 접어들었습니다. 대선일까지 9주 남았습니다. 2022대선판은 수렴과 팽창이 자리를 바꿔가며 역동적으로 움직이고 있습니다. 지지율 상위권을 달리고 있는 주요 후보들에 대한 온라인상 관심지형과 호감도는 어떤 그림을 그리고 있을까요.JTBC가 기획ㆍ개발한 빅데이터 분석 플랫폼 'JTBC빅데이터랩'이 실시간으로, 그리고 한 주간 누적으로 관심과 호감의 변화 양상을 추적합니다.     5일 오전 기준, 직전 24시간 분석한 데이터를 보겠습니다. 우선 호감도입니다.     더불어민주당 이재명 대선후보는 긍정감성 32.8%, 부정감성 29.98%, 중립 37.22%로 분석됐습니다. 2021년 12월 29일~2022년 1월 4일 일주일 부정감성 평균이 33.07%. 부정감성이 하락했다는 것을 알 수 있습니다.    24시간 기준 더불어민주당 이재명 후보의 감성분석.               이 후보는 이 기간 부정 감성이 하락 추세였다는 것을 확인할 수 있습니다. 대장동 특혜개발 비리 의혹과 가족 관련 악재가 크게 돌출하지 않고 논란성 짙은 발언을 관리한 효과로 풀이됩니다.    이재명 후보의 감성분석 추이.              국민의힘 윤석열 대선후보는 긍정감성 30.88%, 부정감성 39.36%, 중립 29.75%로 분석됐습니다.  2021년 12월 29일~2022년 1월 4일 일주일 부정감성 평균이 38.87%. 윤 후보의 부정감성은 평균보다 미세하게 상승했습니다.    24시간 기준 국민의힘 윤석열 후보의 감성분석.               이 기간 부정감성 추이를 보면 직전 일주일에 비해 부정감성이 하락했다는 것을 알 수 있습니다. 이준석 대표의 선대위 탈퇴 이후 당 내홍이 본격화되면서 2주째 갈등이 격화됐다는 점에서 부정감성 하락은 어떤 이유인지 궁금증을 자아냅니다.    윤석열 후보의 감성분석 추이.              직전 일주일 윤 후보의 부정감성이 최고조에 이른 날은 26일 아내 김건희씨의 이력 관련 사과 발표가 있던 날이었습니다.       이후 이틀간 변동 없이 여진을 겪었으나 사흘째 되던 29일부터 하락하기 시작해 31일 일시 46%대로 치솟았으나 다시 하락해 부정감성 비율은 40% 아래에서 움직이고 있습니다.       여론조사 전문가 윤희웅 오피니언라이브 여론분석센터장은 “아내에 대한 의혹들이 윤 후보 관련 부정 인식과 발언에 대한 영향력이 컸는데 사과 이후 국면전환이 됐다”면서 “새롭게 이준석 대표와 김종인 총괄선대위원장과의 갈등 국면이 전개되면서 윤 후보에 대한 부정 언급 비율이 떨어졌다고 풀이된다”고 말했습니다.       아내 김건희씨 관련 의혹일 때는 일방적인 공세량이 컸으나 당내 갈등 상황의 경우 공방의 양이 균형을 이루거나 후보 입장에서 발언하는 언급량이 늘어나면서 부정감성 비율이 떨어졌다는 얘깁니다.    더불어민주당 이재명 대선 후보와 국가비전·국민통합위원회 공동위원장인 이낙연 전 대표가 5일 광주시 서구 김대중컨벤션센터에서 열린 국가비전·국민통합위원회 광주비전회의에 참석하고 있다.〈사진=연합뉴스〉              24시간 기준 두 후보 관련 핵심 연관 키워드는 어떻게 움직이고 있을까요.      먼저 이 후보입니다. '안철수', '기자회견' '광명' 등이 많이 언급되고 있습니다. 신년 각종 여론조사에서 안철수 국민의당 대선후보가 약진하면서 온라인 커뮤니티 등에서 단일화 국면을 놓고 언급량이 늘어나고 있습니다.    24시간 기준 이재명 후보의 핵심 연관 키워드 군집.         또 경기도 광명 기아차 공장에서 열린 신년 기자회견도 많이 언급되고 있습니다. 이 자리에서 이 후보는 규모와 지원시기까지 못박아 전국민 재난지원금 지급을 공식화했습니다.       윤 후보는 '김종인', '이준석', '안철수'가 핵심 연관어 군집에서 중심을 이루고 있습니다.    24시간 기준 윤석열 후보의 핵심 연관 키워드 군집.              선대위 재구성을 둘러싼 당내 갈등이 첨예화되면서 연관어 '김종인', '이준석'의 언급량이 많았습니다. 윤 후보와의 단일화를 비롯해 3강 체제로 대선판이 지각변동을 이룰 것인지 등을 놓고 '안철수' 키워드가 주목을 끌고 있습니다.       온라인 텍스트로 분석하는 이재명ㆍ윤석열 두 후보에 대한 관심지수는 어떻게 나오고 있을까요.      24시간 기준 실질언급량(*아래 용어설명 참조, ※ 검색어 관련 핵심어구(句)가 포함된 글 또는 기사만 따로 뽑아 계산한 언급량. 단순히 빈도만 세는 기계적 언급량 분석과 다르다)은 이 후보 3160건, 윤 후보 5083건으로 분석됐습니다.     이슈집중력(*아래 용어설명 참조)은 윤 후보(409.1)가 이 후보(387)보다 높았습니다. 이에 따라 관심지수(*아래 용어설명 참조)는 이 후보 48.6 vs 윤 후보 51.4로 분석됐습니다.  관심지수 추이.              한 주간 관심지수는 어떻게 요동쳤을까요. 두 후보의 관심지수가 40~60선 밴드에서 엎치락뒤치락 하는 양상입니다. 한쪽의 이슈 점화력이 세면 다른 쪽은 약화되는 2자 상대 비교 조건에서 40~60 밴드 안에서 관심지수가 움직이면 이슈 공방이 치열하다는 뜻입니다.       4일 두 후보의 관심지수 경합이 40~60선 밴드를 벗어났습니다. 이날 이 후보는 신년 기자회견 열고 재난지원금 지원 방안의 윤곽을 드러내는 한편 선대위에선 탈모 치료제를 건강보험에 적용하는 방안이 공약으로 검토되고 있다는 뉴스가 화제가 되면서 관심을 끌어모았습니다.       윤 후보는 이날 선거대책위원회 재편 문제를 두고 이틀째 숙고를 이어갔습니다. 윤 후보는 이틀에 걸쳐 외부 일정을 취소한 채 핵심 참모들과 선대위 쇄신 방안을 논의했습니다. 이로 인해 온라인상에서 관심도가 떨어졌습니다.       ■ 용어 설명     실질 언급량 = 검색어 관련 핵심어구(句)가 포함된 글(또는 기사)만 따로 뽑아 계산한 언급량. 단순히 빈도만 세는 기계적 언급량 분석과 다르다.     이슈 집중력 = 언어군집(키워드ㆍ핵심 어구들로 형성)의 밀도를 계산한 함수값     관심 지수 = 비교 대상들의 이슈 집중력을 100으로 환산해 나타낸 값     ※ 빅데이터 분석은 선거 여론 조사와 다릅니다. 세대와 성별, 지역 등에 따라 표본 추출을 하는 여론조사와 달리 빅데이터 분석은 온라인에 올라온 텍스트만 분석합니다. 온라인상의 정치 관련 생각과 마음을 읽는데 특화된 분석 방법이기에 후보에 대한 지지도를 묻는 여론조사와 근본적으로 다릅니다. 분석 방법과 데이터 출처 등은 관련 기사(https://news.jtbc.joins.com/article/article.aspx?news_id=NB12033954)에서 참조하시기 바랍니다.  "
"17","
                    더불어민주당 이재명 대선후보(오른쪽)와 국민의힘 윤석열 대선후보가 28일 서울 여의도 페어몬트 앰배서더 서울 호텔에서 열린 국가균형발전을 위한 지방소멸대응특별법안 국회발의 간담회 시작에 앞서 열린 사전환담에 참석해 대화를 나누고 있다. 〈사진=연합뉴스〉2022대선이 이제 D-70에 접어들었습니다. 대선일까지 10주 남았습니다. 2022대선판은 수렴과 팽창이 자리를 바꿔가며 역동적으로 움직이고 있습니다. 지지율 상위권을 달리고 있는 주요 후보들에 대한 온라인상 관심지형과 호감도는 어떤 그림을 그리고 있을까요.JTBC가 기획ㆍ개발한 빅데이터 분석 플랫폼 'JTBC빅데이터랩'이 실시간으로, 그리고 한 주간 누적으로 관심과 호감의 변화 양상을 추적합니다.29일 오전 기준, 직전 24시간 분석한 데이터를 보겠습니다. 우선 호감도입니다.<U+00A0>24시간 기준 더불어민주당 이재명 후보의 감성분석. 더불어민주당 이재명 대선후보는 긍정감성 28.37%, 부정감성 43.69%, 중립 27.93%로 분석됐습니다. 22~28일 일주일 부정감성 평균이 39.7%. 부정감성이 상승했다는 것을 알 수 있습니다. 무엇 때문에 상승했는지는 뒤에서 다시 살펴보겠습니다.국민의힘 윤석열 대선후보는 긍정감성 26.99%, 부정감성 46.5%, 중립 26.51%로 분석됐습니다. 22~28일 일주일 부정감성 평균이 45.5%. 윤 후보도 부정감성이 상승했습니다.<U+00A0>24시간 기준 윤석열 후보의 감성분석. 윤 후보는 26일 아내 김건희씨의 경력 허위기재 의혹 관련 공식 사과가 있었습니다. 부정감성은 어떻게 변했을까요. 아래 그래프를 보겠습니다.<U+00A0>윤석열 후보의 감성분석 추이. 김건희씨 사과 이후 중립 감성이 상승했다.  사과 이후 윤 후보 관련 부정감성은 크게 변동하지 않았습니다. 그런데, 눈에 띄는 움직임이 감지됩니다. 중립감성이 상승했습니다. 사과 당일 23%였던 중립감성이 이후 26%-26%-28%(29일 자정~오전 10시 기준)으로 오르고 있습니다. 어떤 의미일까요.빅데이터 분석전문업체 히든그레이스 김성은 대표는 “부정은 그대로인데, 중립감성의 증가했다는 점에서 부정 요소의 해소가 아닌 사태관망ㆍ판단보류의 단어들이 많이 쓰였다는 것을 의미한다”고 말했습니다.<U+00A0>더불어민주당 이재명 대선 후보가 29일 오전 경기도 남양주시 마석 모란공원 묘역에서 열린 김근태 전 열린우리당 의장의 10주기 추모 행사에 참석해 고인의 부인 인재근 의원과 이야기를 하고 있다.〈사진=연합뉴스〉24시간 두 후보 관련 핵심 연관 키워드는 어떻게 움직이고 있을까요.먼저 이 후보입니다. '토론', '의혹' '여의도' 등이 많이 언급되고 있습니다. 아들 대입 관련 의혹이 부정문장 속에서 가장 많이 언급되고 있습니다. 이 후보 장남의 도박, 성매매 의혹에 이어 대입 관련 의혹에 야권의 공세가 집중되면서 부정감성도 상승하고 있습니다.<U+00A0>24시간 기준 이재명 후보의 핵심 연관 키워드 군집. 이재명 후보의 감성분석 추이. <U+00A0>국민의힘 윤석열 대선 후보가 27일 오후 경기 성남 분당구 대장동 현장을 방문해 특검 수사를 촉구하는 기자회견을 마친 뒤 원희룡 전 지사 등과 함께 개발현장을 둘러보고 있다. 〈사진=연합뉴스〉 윤 후보는 '이준석', '김건희', '여의도'가 핵심 연관어 군집에서 중심을 이루고 있습니다. 특히 '이준석' 키워드가 부정문장 속에서 언급량이 많습니다.<U+00A0>24시간 기준 윤석열 후보의 핵심 연관 키워드 군집.  두 후보에 대한 온라인 텍스트로 분석하는 관심지수는 어떻게 나오고 있을까요.24시간 기준 실질언급량(*아래 용어설명 참조, ※ 검색어 관련 핵심어구(句)가 포함된 글 또는 기사만 따로 뽑아 계산한 언급량. 단순히 빈도만 세는 기계적 언급량 분석과 다르다)은 이 후보 3160건, 윤 후보 4735건으로 분석됐습니다.이슈집중력(*아래 용어설명 참조)은 이 후보(407.7)가 윤 후보(367.7)보다 높았습니다. 이에 따라 관심지수(*아래 용어설명 참조)는 이 후보 52.6 vs 윤 후보 47.4로 분석됐습니다.한 주간 관심지수는 어떻게 요동쳤을까요. 두 후보의 관심지수가 40~60선 밴드에서 엎치락뒤치락 하는 양상입니다. 한쪽의 이슈 점화력이 세면 다른 쪽은 약화되는 2자 상대 비교 조건에서 40~60 밴드 안에서 관심지수가 움직이면 이슈 공방이 치열하다는 뜻입니다.<U+00A0>두 후보의 관심지수 추이. 40~60 밴드에서 엎치락뒤치락 하는 등 치열하게 온라인 정치동향에 대한 관심 경쟁을 하고 있다.  이 밴드를 벗어날 경우 한쪽의 일방 우세입니다. 23일 관심지수가 이 밴드를 벗어났습니다. 이날 윤 후보의 핵심 연관 키워드는 '이준석' , 이 후보의 키워드는 '이낙연'이었습니다. 이준석 대표의 선대위 사퇴 이후 여진이 윤 후보에 적잖은 영향을 미쳤음을 엿볼 수 있습니다.■ 용어 설명실질 언급량 = 검색어 관련 핵심어구(句)가 포함된 글(또는 기사)만 따로 뽑아 계산한 언급량. 단순히 빈도만 세는 기계적 언급량 분석과 다르다.키워드·핵심 어구가 추출된 글(또는 기사) 건 수이슈 집중력 = 언어군집(키워드·핵심 어구들로 형성)의 밀도를 계산한 함수값관심 지수 = 비교 대상들의 이슈 집중력을 100으로 환산해 나타낸 값※ 빅데이터 분석은 선거 여론 조사와 다릅니다. 세대와 성별, 지역 등에 따라 표본 추출을 하는 여론조사와 달리 빅데이터 분석은 온라인에 올라온 텍스트만 분석합니다. 온라인상의 정치 관련 생각과 마음을 읽는데 특화된 분석 방법이기에 후보에 대한 지지도를 묻는 여론조사와 근본적으로 다릅니다. 분석 방법과 데이터 출처 등은 관련 기사(https://news.jtbc.joins.com/article/article.aspx?news_id=NB12033954)에서 참조하시기 바랍니다.<U+00A0>
                "
"18","
                    국민의힘 윤석열 대선 후보가 23일 오후 전남 광양시 여수광양항만공사를 방문해 컨테이너부두 시설을 보고 있다. 〈사진=연합뉴스〉윤석열 국민의힘 대선후보의 '극빈층 자유 한계' 발언으로 파장이 일고 있습니다. 윤 후보는 즉각 “모든 국민이 자유인이 되어야지, 많이 배우고 잘 사는 사람만 자유인이 되어서는 안 된다”고 부연 설명했지만 여당 측에서 집중포화를 쏟아붓고 국민의힘 측에서 방어하면서 논란은 증폭되는 양상입니다.JTBC빅데이터랩(https://election.jtbc.joins.com/bigdatalab)은 직전 24시간 동안 온라인 텍스트를 모아 실제로 윤 후보 관련 어떤 키워드들이 핵심 연관어로 부상하고 있는지 추적했습니다.우선 감성 분석 결과입니다. 직전 24시간 기준 부정 감성은 이 후보 41%, 윤 후보 44.93% 입니다. 지난 10일간 부정 감성 평균은 각각 44.17%, 44.46%였습니다. 중립·긍정 감성과의 비중은 두 후보가 크게 차이 없는 것으로 분석됐습니다.<U+00A0>지난 10일간 이재명 후보의 감성분석. 지난 10일간 윤석열 후보의 감성분석. 23일 오후 빅데이터랩이 포착한 윤 후보의 핵심 연관 키워드는 '이준석'이었습니다. 연관 키워드의 실질 언급량(*아래 용어설명 참조, ※ 검색어 관련 핵심어구(句)가 포함된 글 또는 기사만 따로 뽑아 계산한 언급량. 단순히 빈도만 세는 기계적 언급량 분석과 다르다.)은 1만 5396건 가운데 '이준석' 키워드는 1773건으로 집계됐습니다.이준석 대표의 공동선대위원장 사퇴를 둘러싸고 당 내홍 사태가 며칠째 이어지면서 '이준석'이 연관어 중심을 이뤘습니다. '자유' 키워드는 596건으로 '이준석' 키워드에 밀리는 양상입니다.<U+00A0>23일 오후 직전 24시간 윤석열 후보의 핵심 연관 키워드 군집.  윤 후보는 이틀째 호남 방문 일정을 소화 중인데 '전북'과 '광주' 키워드는 큰 주목을 끌지 못하는 모습입니다. 윤 후보에게 악재로 작용하는 '김건희' 키워드는 '이준석' 키워드의 쏠림 현상으로 많이 언급되지 않았습니다.윤 후보 입장에선 '웃어야 할지, 울어야 할지' 모를 골치 아픈 상황입니다.<U+00A0>더불어민주당 이재명 대선후보가 23일 서울 여의도 중소기업중앙회에서 열린 대한민국 대전환 직능본부 출범식에서 마스크를 바꿔쓰고 있다. 〈사진=연합뉴스〉더불어민주당 이재명 대선후보는 '대장동'과 관련 키워드가 부상하고 있습니다. 직전 24시간 동안 수집한 온라인 텍스트 분석결과 연관 키워드 언급량 1만 1414건 가운데 '대장동'은 904건, '김문기' 787건, '처장(개발1처장)' 615건, '성남도시개발공사' 512건, '의혹' 589건으로 집계됐습니다.대장동 개발사업의 핵심 인물 중 한 명으로 수사 기관의 조사를 받아온 김문기 전 성남도시개발공사 개발1처장이 21일 숨지자 한동안 수면 아래 가라앉았던 '대장동' 키워드가 급부상하는 양상입니다.<U+00A0>23일 오후 기준 직전 24시간 이재명 후보의 핵심 연관 키워드 군집. 윤 후보의 경우 '이준석' 이슈가 다른 이슈들을 덮고 있다면 이 후보는 '대장동' 키워드가 연관 키워드들을 자극하며 함께 부상하고 있는 모습입니다.'이준석'과 '대장동' 키워드가 앞으로 어떻게 변동될 지 여부는 'JTBC빅데이터랩'에서 계속 추적해 보도하겠습니다.■ 용어 설명실질 언급량 = 검색어 관련 핵심어구(句)가 포함된 글(또는 기사)만 따로 뽑아 계산한 언급량. 단순히 빈도만 세는 기계적 언급량 분석과 다르다.키워드·핵심 어구가 추출된 글(또는 기사) 건 수이슈 집중력 = 언어군집(키워드·핵심 어구들로 형성)의 밀도를 계산한 함수값관심 지수 = 비교 대상들의 이슈 집중력을 100으로 환산해 나타낸 값※ 빅데이터 분석은 선거 여론 조사와 다릅니다. 세대와 성별, 지역 등에 따라 표본 추출을 하는 여론조사와 달리 빅데이터 분석은 온라인에 올라온 텍스트만 분석합니다. 온라인상의 정치 관련 생각과 마음을 읽는데 특화된 분석 방법이기에 후보에 대한 지지도를 묻는 여론조사와 근본적으로 다릅니다. 분석 방법과 데이터 출처 등은 관련 기사(https://news.jtbc.joins.com/article/article.aspx?news_id=NB12033954)에서 참조하시기 바랍니다.<U+00A0>
                "
"19","
                              더불어민주당 이재명 대선 후보가 22일 서울 여의도 더불어민주당 중앙당사에서 과학기술 정책공약을 발표하고 있다. 〈사진=연합뉴스〉         2022대선이 이제 D-77에 접어들었습니다. 대선일까지 꼭 11주 남았습니다.  2022대선판은 수렴과 팽창이 자리를 바꿔가며 역동적으로 움직이고 있습니다. 지지율 상위권을 달리고 있는 주요 후보들에 대한 온라인상 관심지형은 어떻게 형성됐을까요.       JTBC가 기획ㆍ개발한 빅데이터 분석 플랫폼 'JTBC빅데이터랩'이 실시간으로, 그리고 한 주간 누적으로 관심의 변화 양상을 추적합니다.      우선 호감도부터 보겠습니다.       22일 오전 기준 더불어민주당 이재명 후보의 감성분석에서 긍정과 부정 감성은 31.01%, 42.22%로 분석됐습니다. 국민의힘 윤석열 후보는 각각 29%, 44.3%로 나왔습니다. 두 후보 모두 자신에 대한 감성 평가가 긍정〈부정으로 나타났습니다. 두 후보는 대선후보로 결정된 이후 내내 긍정보다 부정 감성이 높았습니다.       한 주간 부정 감성 추이를 보면 두 후보 모두 '가족 리스크'로 요동쳤던 초반에 비해 안정화되는 추세입니다.       이 후보는 15일 37.31%-16일 53.57%-17일 51.55%-18일 47.4%-19일 45.47%-20일 40.75%-21일 42.97%로 분석됐습니다.       윤 후보는 15일(수) 44.7%-16일 45.17%-17일 49%-18일 48.1%-19일 49.17%-20일 39.24%-21일 43.95%였습니다.    한 주간(15~21일) 두 후보의 누적 관심지수.               22일 오전 10시 기준 관심지수는 이 후보 54.5 vs 윤 후보 45.5로 나타났습니다. 대상 데이터는 이날 자정부터 오전 10시까지 뉴스·커뮤니티 등 온라인에서 수집한 텍스트 데이터입니다.      실질 언급량(*아래 용어설명 참조)은 윤 후보(2189건)가 이 후보(1360건)보다 크게 앞섰습니다. 하지만 이슈 집중력(*아래 용어설명 참조)에서 이 후보가 실속 있었습니다.      일주일 누적 관심지수는 이 후보 49.5 vs 윤 후보 50.5로 분석됐습니다. 실질 언급량에선 윤 후보(1만8739건)가 이 후보(1만6584건)보다 많았습니다.       22일 오전 두 후보의 핵심 연관 키워드 군집은 어떻게 나오고 있을까요.    20일 오전 이재명 후보의 연관 키워드 군집.          이 후보는 '과학기술'이 가장 많은 빈도로 언급되고 있는 것으로 분석됐습니다.       이 후보는 이날 “박정희ㆍ김대중ㆍ노무현 뿌리로 세계 5대 과학기술강국을 만들겠다”며 과학기술 분야 정책 공약을 발표했습니다.       성남 대장동 개발 실무를 담당했던 김문기 성남도시개발공사 개발1처장이 전날 숨진 채 발견되면서 '김문기', '대장동' 키워드가 부상을 준비하고 있는 모습입니다. 대장동 이슈가 재점화될 지 아니면 이 후보가 쏟아내는 다른 이슈들에 덮일 지 주목됩니다.     ㅇ국민의힘 윤석열 대선후보와 지도부가 21일 국회에서 열린 코로나19 극복을 위한 비상대책회의에 참석하고 있다. 〈사진=연합뉴스〉                20일 오전 윤석열 후보의 핵심 연관 키워드 군집.              윤 후보는 '이준석' 이 가장 많이 언급된 키워드로 떠올랐습니다. 이준석 국민의힘 당 대표가 선대위 보직에서 사퇴하는 등 당 내홍이 3일째 이어진 결과입니다.       한 주간 관심 지수 동향은 어떤 그래프를 그렸을까요.       15일 이 후보의 코로나 검사 결과 음성이 나왔지만 외부 일정을 줄이면서 관심도가 크게 벌어졌습니다.    한 주간(15~21일) 관심지수 추이 그래프. 15일 이재명 후보의 PCR 검사 결과가 나왔지만 외부 일정을 줄여 관심도가 크게 차이가 났다.               이후 이 후보는 장남의 도박ㆍ성매매 의혹이 크게 주목을 받으면서 관심도가 높아졌고 윤 후보는 아내의 경력 부풀리기 의혹 관련 공방이 이어지면서 관심을 받았습니다.      20일 신지예 한국여성정치네트워크 대표를 윤 후보 직속 기구에 수석부위원장으로 파격 영입하면서 당 안팎의 논란이 불거졌습니다. 윤 후보에 대한 관심도가 증가한 배경으로 풀이됩니다.       ■ 용어 설명 :     실질 언급량 = 뉴스와 온라인 커뮤니티, 소셜미디어에서 검색어 관련 핵심 키워드ㆍ핵심 어구가 포함된 글(또는 기사) 건 수     이슈 집중력 = 언어군집(키워드ㆍ핵심 어구들로 형성)의 밀도를 계산한 함수값     관심 지수 = 비교 대상들의 이슈 집중력을 100으로 환산해 나타낸 값     ※ 빅데이터 분석은 선거 여론 조사와 다릅니다. 세대와 성별, 지역 등에 따라 표본 추출을 하는 여론조사와 달리 빅데이터 분석은 온라인에 올라온 텍스트만 분석합니다. 온라인상의 정치 관련 생각과 마음을 읽는데 특화된 분석 방법이기에 후보에 대한 지지도를 묻는 여론조사와 근본적으로 다릅니다. 분석 방법과 데이터 출처 등은 관련 기사(https://news.jtbc.joins.com/article/article.aspx?news_id=NB12033954)에서 참조하시기 바랍니다.  "
"20","
                    국민의힘 윤석열 대선 후보와 이준석 대표가 7일 저녁 서울 마포구 합정동 홍익자율방범대를 찾아 대원들과 간담회를 하고 있다.〈사진=연합뉴스〉2022대선 D-91입니다. 대선판은 수렴과 팽창이 교차하면서 역동적인 그림을 만들어내고 있습니다. 지지율 상위권을 달리고 있는 주요 후보들에 대한 온라인 관심은 어떻게 움직였을까요.JTBC가 기획ㆍ개발한 빅데이터 분석 플랫폼 'JTBC빅데이터랩'이 실시간으로, 그리고 한 주간 누적으로 관심의 변화 양상을 추적합니다.8일 오전 JTBC빅데이터랩 관심지수(*아래 용어 설명 참조)는 국민의힘 윤석열 후보 51.6, 더불어민주당 이재명 후보 48.4으로 나타났습니다. 관심지수는 두 후보에 대한 온라인상의 관심도를 100으로 환산해 실시간 비교하고 있습니다.<U+00A0> <U+00A0> <U+00A0><U+00A0>실질 언급량 비교에서 윤 후보는 2463건, 이 후보는 2179건으로 관심량은 비슷했습니다. 이슈 집중력에선 윤 후보(460.7)가 이 후보(432.1)보다 높게 분석됐습니다. 이에 따라 관심지수도 윤 후보의 우세로 나타났습니다.<U+00A0>더불어민주당 이재명 대선 후보가 7일 오후 서울 마포구 한 모임 공간(앤드스페이스)에서 무주택자들과 '주택청약 사각지대' 간담회를 하며 참가자들의 발언을 수첩에 적고 있다.〈사진=연합뉴스〉관심의 집중력에서 이재명 후보보다 높게 나온 윤석열 후보에 대한 관심의 성격은 어땠을까요.<U+00A0>8일 오전 두 후보에 대한 감성 분석.부정감성(38.1)이 긍정감성(26.9)보다 많은 것으로 분석됐습니다. 이 후보도 부정감성 35.4, 긍정감성 30.7로 부정감성이 많았습니다. 두 후보에 대한 호감도는 여전히 풀어야 할 과제라는 점을 알 수 있습니다.<U+00A0>8일 오전 윤 후보 핵심 연관 키워드 그래프.8일 오전 11시 기준 두 후보에 대한 핵심 연관 키워드는 윤석열 후보는 '김종인' , 이재명 후보는 '정부'가 떠올랐습니다. 선대위 구성 과정에서 우여곡절을 겪었던 김종인 총괄선대위원장의 합류 이후에도 윤 후보에 대해 여전히 '김종인' 키워드의 연관 강도가 세다는 것을 엿볼 수 있습니다. 이 후보는 문재인 정부와의 차별화를 강화하는 행보 속에서 '이재명 정부'를 부각하면서 '정부' 키워드가 우세했습니다.<U+00A0>8일 오전 이 후보 핵심 연관 키워드 그래프.한주간(2~8일)관심의 양과 질은 어떤 변동 양상을 보였을까요.두 후보간 관심지수 격차는 3일 최대로 벌어졌습니다. 3일 저녁 윤 후보가 울산으로 내려가 지방을 전전하고 있던 이준석 대표를 만나 선대위 인선과 선거 전략을 둘러싼 갈등을 풀었습니다. 이 자리에서 김종인 국민의힘 전 비대위원장의 선대위 합류 의사도 확인하면서 주목도를 높였습니다.<U+00A0>관심지수 추이주말 촘촘한 지방 일정으로 관심도를 높였던 이 후보와 윤 후보의 주말 관심지수 격차는 어떻게 됐을까요.전북을 방문했던 이 후보와 부산에서 지지층 결집에 나섰던 윤 후보간 거의 차이가 없이 엎치락뒤치락했습니다.아래 관심지수 추이 그래프를 함께 보겠습니다. 11월 3주간 이 후보의 주말 관심도 몰이가 확연히 드러났으나 마지막 주 윤 후보가 추격에 나서 12월 첫 주 주말엔 격차 없이 경합 국면에 들어갔다는 것을 알 수 있습니다.<U+00A0>주말 관심지수 추이. 이재명 후보(녹색 타원)가 격차를 벌려가다 윤석열 후보(보라색 타원)가 바짝 따라붙어 경합 국면에 들어갔다. 한 주간 누적 관심지수는 박빙관계였던 것으로 분석됐습니다. 감성분석에서도 부정감성이 더 높았습니다.<U+00A0>한주간(2~8일) 누적 관심지수 분석 결과. 한주간(2~8일) 누적 감성분석. ■ 용어 설명 :실질 언급량 = 뉴스와 온라인 커뮤니티, 블로그, SNS에서 검색어 관련 키워드ㆍ핵심 어구가 추출된 글(또는 기사) 건 수이슈 집중력 = 언어군집(키워드ㆍ핵심 어구들로 형성)의 밀도를 계산한 함수값관심 지수 = 비교 대상들의 이슈 집중력을 100으로 환산해 나타낸 값※ 빅데이터 분석은 선거 여론 조사와 다릅니다. 세대와 성별, 지역 등에 따라 표본 추출을 하는 여론조사와 달리 빅데이터 분석은 온라인에 올라온 텍스트만 분석합니다. 온라인상의 정치 관련 생각과 마음을 읽는데 특화된 분석 방법이기에 후보에 대한 지지도를 묻는 여론조사와 근본적으로 다릅니다. 분석 방법과 데이터 출처 등은 관련 기사(https://news.jtbc.joins.com/article/article.aspx?news_id=NB12033954)에서 참조하시기 바랍니다.<U+00A0>
                "
"21","
                              더불어민주당 이재명 대선 후보(왼쪽)와 국민의힘 윤석열 대선 후보가 24일 오전 서울 종로구 포시즌스 호텔에서 중앙일보 주최로 열린 '2021 중앙포럼'에 참석해 악수하고 있다. 〈사진=국회사진기자단,연합뉴스〉        2022대선 D-100을 전후해 대선판이 요동치고 있습니다. 돌발 악재가 분출하면서 주요 대선후보 진영은 수습에 진땀을 흘리면서 숨가뿐 한 주를 보내고 있습니다. 후보들에 대한 온라인 관심은 어떻게 이동하고 있을까요.      JTBC가 기획·개발한 빅데이터 분석 플랫폼 'JTBC빅데이터랩'이 실시간으로, 또 한 주간 누적으로 관심의 변화 양상을 추적합니다.      1일 오전 기준 지지율 상위권 주요 대선후보들의 JTBC빅데이터랩 관심지수(*아래 용어 설명 참조)는 더불어민주당 이재명 후보, 53.6 국민의힘 윤석열 후보 46.4로 나타났습니다. 관심지수는 두 후보에 대한 온라인상의 관심도를 100으로 환산해 실시간 비교하고 있습니다.       관심의 성격을 보여주는 감성 분석에서 부정 감성이 이 후보 37.46, 윤 후보 40.91로 분석됐습니다. 3주째 부정 감성이 두 후보 모두 긍정 감성(李 ,尹)에 앞서는 것으로 나타났습니다. 부정적 관심이 더 높다는 뜻입니다.      1일 오전 더불어민주당 이재명 후보의 실시간 감성분석.                1일 오전 국민의힘 윤석열 후보의 실시간 감성분석.              1일 오전 기준 윤 후보에 대한 실질 언급량(*용어 설명 참조)은 1985건, 이 후보는 1221건으로 잡혔습니다. 반면 이슈 집중도(*용어 설명 참조)는 윤 후보 31.6, 이 후보 36.4로 분석됐습니다. 이 후보 관련 이슈들이 좀 더 강하게 밀집하고 있다는 뜻으로 풀이됩니다.    1일 오전 더불어민주당 이재명 후보의 실시간 핵심 연관 키워드 그래프.        이 시간 이 후보 관련 핵심 연관 키워드는 '교수' '영입'이 떠올랐습니다. 이 후보의 1호 영입 인재인 조동연 더불어민주당 상임 공동선대위원장(서경대 조교수) 관련 논란이 주목을 끌고 있습니다. 전날 강용석 변호사와 해군 출신 공익제보자 김영수 전 소령이 조 위원장의 사생활을 둘러싼 의혹 등을 제기한 뒤 민주당과 날선 공방을 벌이고 있습니다.    1일 오전 국민의힘 윤석열 후보의 실시간 핵심 연관 키워드 그래프.              반면 윤 후보는 '이준석' 키워드가 연관 검색의 중심 자리를 차지했습니다. 국민의힘 이준석 당대표에 대한 윤 후보 측의 대표 패싱 논란 이후 잠적 소동까지 벌어지면서 '이준석' 키워드가 윤 후보 관련 이슈를 빨아들이고 있습니다.       일주일 간 관심지수 추이는 어떤 궤적을 그려왔을까요. 지난 3주간은 주중엔 두 후보 간 관심도가 엎치락뒤치락하는 '꽈배기' 패턴을 보이다가도 주말에는 이 후보가 격차를 크게 벌리는 양상이었습니다.      윤 후보가 별다른 일정과 메시지를 보여주지 못한 틈을 타 지방 일정을 빽빽하게 소화하는 이 후보에 관심이 쏠렸던 것으로 풀이됩니다.    11월 관심지수 추이. 주말 1~3주차엔 이 후보가 높은 관심을 받았다. 4주차엔 두 후보간 격차가 좁혀졌다.           하지만 지난 주에는 변화가 생겼습니다. 선대위 인선을 둘러싼 진통이 일단락 되는 모양새 속에 윤 후보가 청년 행보를 본격적으로 시작하면서 관심의 격차를 좁히는 결과로 나타난 것으로 보입니다.    지난 한 주간(11월24~30일) 누적 감성분석.               일주일 누적 긍ㆍ부정 감성 분석은 윤 후보 29.4 vs 39 , 이 후보 26.5 vs 37.6으로 나타났습니다. 두 후보 모두 부정 감성이 높아 극복 과제로 꼽히고 있습니다.       ■ 용어 설명 :  실질 언급량 = 뉴스와 온라인 커뮤니티, 블로그, SNS에서 검색어 관련 키워드ㆍ핵심 어구가 추출된 글(또는 기사) 건 수  이슈 집중력 = 언어군집(키워드ㆍ핵심 어구들로 형성)의 밀도를 계산한 함수값  관심 지수 = 비교 대상들의 이슈 집중력을 100으로 환산해 나타낸 값     ※ 빅데이터 분석은 선거 여론 조사와 다릅니다. 세대와 성별, 지역 등에 따라 표본 추출을 하는 여론조사와 달리 빅데이터 분석은 온라인에 올라온 텍스트만 분석합니다. 온라인상의 정치 관련 생각과 마음을 읽는데 특화된 분석 방법이기에 후보에 대한 지지도를 묻는 여론조사와 근본적으로 다릅니다. 분석 방법과 데이터 출처 등은 관련 기사(https://news.jtbc.joins.com/article/article.aspx?news_id=NB12033954)에서 참조하시기 바랍니다.  "
"22","
                      주말을 앞두고 지지율 상위권의 주요 후보들 진영이 바쁘게 움직이고 있습니다.       더불어민주당 이재명 대선후보는 주말을 이용해 지방일정을 소화하고 있고 국민의힘 윤석열 대선후보 진영에선 김병준 상임 선대위원장의 기자회견으로 선대위 가동에 들어갔습니다. 조직 정비ㆍ확충과 함께 윤 후보가 여론에 노출되는 빈도도 많아질 것으로 전망됩니다.     JTBC빅데이터랩 관심지수(*아래 용어설명 참조)는 이번 주말 어떻게 움직일까요. 지난 3주간 추이를 짚어보겠습니다.      지난 3주간 주말은 이재명 후보가 좀더 주목을 끌었습니다. 지난 5일 대선 후보로 결정된 이후 윤 후보가 선대위 구성과 인선에 붙잡혀 있는 동안 이 후보는 주말 활용을 극대화했습니다. 온라인에서 대중들의 관심도 함께 움직였던 것으로 나타났습니다.       함께 지수 추이를 보실까요.     JTBC빅데이터랩의 관심지수 추이. 지난 3주간 주말에 이재명 후보의 관심도가 크게 상승했다. 주중에는 윤석열 후보도 메시지와 선대위 구성과 인선을 둘러싸고 다양한 뉴스와 반응이 나오면서 관심도에서 접전을 벌이고 있다.        이 후보가 60 안팎의 높은 관심도를 찍었던 기간은 주로 주말이었습니다. 그래프에서 연두색 동그라미로 표시한 3개의 시점에 이 후보의 관심도가 크게 상승했던 것으로 나타났습니다.      관심지수는 각자의 이슈 집중력(*아래 용어설명 참조)을 상대 비교하기 위해 100으로 환산한 값입니다. 이 후보가 60 선을 넘나들면 윤 후보의 관심지수는 그 기간 40 선 아래로 하락할 수 밖에 없습니다.  더불어민주당 이재명 대선후보가 26일 오전 전남 목포시 동부시장을 방문해 지지자들 앞에서 연설하고 있다. 〈사진=연합뉴스〉         11월 6~8일 이 후보는 고공행진이었던 반면 윤 후보는 5일 후보 선출 이후 광주 방문과 선대위 구성 관련 행보 외에 뚜렷한 일정을 소화하지 못했습니다. 후보의 일정과 메시지를 뒷받침할 선대위 조직이 제대로 갖춰지지 못했기 때문입니다.     13~14일 이 후보는 부산ㆍ울산ㆍ경남을 방문했습니다. 이 일정에서 이 후보는 예비부부들과 만나는 등 청년층과 접촉면을 넓히며 2030 표심 공략에 열중했습니다. 그때의 관심이 온라인 커뮤니티ㆍ뉴스ㆍsns 등에 집중적으로 표출된 것으로 보입니다.       또 20~21일엔 대전ㆍ세종ㆍ충청 지역에서 표심 공략에 나섰습니다. 당시 검색어 '이재명'의 핵심 연관 키워드로 대전ㆍ충청이 떠오르고 '대전' 검색어로 '이재명'이 매칭될 정도로 상당한 관심 상승 효과를 누렸습니다.       이 기간 관심의 성격을 따지는 긍정·부정 감성 분석에서 이 후보는 부정 감성이 긍정 감성보다 높았습니다.     이재명 후보의 19~21일 긍정,부정 감성 분석.                 국민의힘 윤석열 대선 후보가 25일 저녁 서울 관악구 서울대학교 호암교수회관 게스트하우스 로즈홀에서 열린 '국민의힘 서울캠퍼스 총회'에서 인사말을 하고 있다.〈사진=연합뉴스〉               반면 윤 후보는 이 시점까지 선대위 인선을 둘러싸고 진통이 계속되면서 대중들의 관심을 끌어당길 만한 주말 반격 카드를 제대로 마련하지 못했습니다.       이번 주말 이 후보는 목포를 비롯해 더불어민주당 텃밭인 호남 곳곳을 돌며 핵심 지지층 결집에 나섭니다. 총괄선대위원장 자리를 비워놓고 일단 선대위 가동에 나선 윤 후보는 어떤 반전의 카드를 준비하고 있을 지 궁금합니다.      이 후보가 4주째 주말 흥행을 이어갈 것인지, 이번에는 제동이 걸릴 것인지 함께 지켜보시죠. 빅데이터랩에선 주말 동안 모은 데이터를 분석해 다음주 수요일(12월 1일) 공개합니다.       ■ 용어 설명 :     실질 언급량 = 뉴스와 온라인 커뮤니티, 블로그, SNS에서 검색어 관련 키워드ㆍ핵심 어구가 추출된 글(또는 기사) 건 수  이슈 집중력 = 언어군집(키워드ㆍ핵심 어구들로 형성)의 밀도를 계산한 함수값  관심 지수 = 비교 대상들의 이슈 집중력을 100으로 환산해 나타낸 값  22일 오전 서울 광진구 그랜드 워커힐 서울에서 열린 TV조선 글로벌리더스포럼2021에 참석한 더불어민주당 이재명 대선 후보와 국민의힘 윤석열 대선 후보가 인사를 나누고 있다. 〈사진=국회사진기자단,연합뉴스〉              ※ 빅데이터 분석은 선거 여론 조사와 다릅니다. 세대와 성별, 지역 등에 따라 표본 추출을 하는 여론조사와 달리 빅데이터 분석은 온라인에 올라온 텍스트만 분석합니다. 온라인상의 정치 관련 생각과 마음을 읽는데 특화된 분석 방법이기에 후보에 대한 지지도를 묻는 여론조사와 근본적으로 다릅니다. 분석 방법과 데이터 출처 등은 관련 기사(https://news.jtbc.joins.com/article/article.aspx?news_id=NB12033954)에서 참조하시기 바랍니다.   "
"23","
                             이슈가 터질 때마다 후보에 대한 관심의 초점이 큰 진폭을 보이면서 이동합니다. 'JTBC빅데이터랩'은 이 초점이 어떻게 움직이고 있는지 생생하게 추적합니다.       24일 오전 기준 더불어민주당 이재명 후보와 국민의힘 윤석열 후보의 관심도 분석.               24일 오전 기준 JTBC빅데이터랩 관심지수(*아래 용어 설명 참조)는 더불어민주당 이재명 대선후보 48, 국민의힘 윤석열 대선후보 52로 나타났습니다.       실질 언급량에선 윤 후보가 1519건으로 이 후보(873건)보다 앞섰고 이슈 집중력(*용어 설명 참조)에서도 이 후보(30.6)보다 윤 후보(33.6)가 효율적이었습니다.       뉴스ㆍ커뮤니티ㆍsnsㆍ블로그 등 온라인 텍스트를 분석하는 JTBC빅데이터랩의 관심도 분석은 일반 여론조사의 후보 지지도와는 다른 개념입니다. 특히 발표 시점 2~4일 전 여론을 묻는 여론조사와 달리 빅데이터랩의 관심도 분석은 실시간으로 정치 동향에 대한 유권자들의 생각을 읽는 선행 지표입니다.       윤 후보는 23일 오전 11ㆍ12대 대통령을 지낸 전두환씨의 사망 소식이 전해진 뒤 관련 뉴스와 게시판 글들이 쏟아지면서 관심도가 급상승했습니다. 특히 윤 후보는 조문 의사를 밝혔다가 입장을 번복하는 과정에서 논란의 초점이 됐습니다. 이슈 집중력이 높아진 배경으로 분석됩니다.     더불어민주당 이재명 후보와 국민의힘 윤석열 후보의 실시간 감성 분석.             후보들에 대한 관심의 성격을 보여주는 긍정ㆍ부정 감성분석에선 두 후보 모두 부정 인식이 높았습니다. 긍정은 윤ㆍ이 후보가 비슷하게 나왔으나 부정 감성은 윤 후보가 더 높게 나왔습니다. 일주일 누적에서도 비슷한 양상이었습니다.     더불어민주당 이재명 후보와 국민의힘 윤석열 후보의 일주일(17~23일) 누적 감성 분석.         17~23일 한 주간 관심지수 추이는 한 때 이 후보가 최대 간격을 벌리며 윤 후보를 앞서다가 막판 전두환씨 사망 이슈가 부각되면서 다시 좁혀졌습니다. 격차가 벌어졌던 20일 이 후보에 대한 관심도는 72까지 치솟아 28에 그쳤던 윤 후보를 크게 앞섰습니다.      『윤석열 44.1% 이재명 37.0%…격차 2.7%p 줄었다ㅣ리얼미터(11.24, JTBC)』는 기사 등 이번 주 각종 여론조사 결과에서 두 후보간 지지율 격차는 달랐지만 공통적으로 윤 후보의 컨벤션 효과가 사라지고 있다는 분석이 나오고 있는데, 빅데이터랩 관심지수 추이에서도 이런 기류를 엿볼 수 있습니다.             두 후보의 관심지수 추이.               그래프에서 보듯이 두 후보에 대한 관심도가 이렇게 요동치는 이유는 뭘까요.       정한울 한국리서치 연구위원은 “본격적인 대선 운동이 시작되기 전 시간이기 때문에 강성 지지층과 정치 고관여층의 관심이 많이 반영된다”며 “중도ㆍ무당층의 관심이 반영돼야 출렁임이 잦아들면서 안정세를 보일 것”이라고 말했습니다.       규모가 큰 중도ㆍ무당층의 관심이 본격적으로 표출될 때면 두 후보간 관심도 지형이 윤곽을 드러낼 것이라는 얘깁니다.       이 기간 중 이 후보는 청년층 민심 이반과 대장동 개발사업 특혜 의혹에 대해 사과하면서 관심의 초점을 끌어당겼습니다. 또 아내 김혜경씨와 대전ㆍ충북 지역을 방문해 여러 일정을 소화하면서 대중 노출 빈도를 한껏 끌어올렸습니다.         반면 윤 후보는 선대위 구성과 인선을 둘러싼 진통이 3주째 이어지면서 관심이 이완된 것으로 분석됐습니다. 김종인 전 국민의힘 비대위원장과 물밑 '밀당'이 거듭되면서 기시감을 느낀 유권자들의 피로감이 반영된 것으로 풀이됐습니다.       정 위원은 “이재명 후보의 경우 청년 문제부터 대장동까지 사과 메시지를 보낼 때 여론의 관심이 커진다면 윤석열 후보는 정권교체에 대한 기대감이 커질 때 여론이 적극 반응한다”고 설명했습니다.         ■ 용어 설명 :  실질 언급량 = 뉴스와 온라인 커뮤니티, 블로그, SNS에서 검색어 관련 키워드ㆍ핵심 어구가 추출된 글(또는 기사) 건 수  이슈 집중력 = 언어군집(키워드ㆍ핵심 어구들로 형성)의 밀도를 계산한 함수값  관심 지수 = 비교 대상들의 이슈 집중력을 100으로 환산해 나타낸 값     ※ 빅데이터 분석은 선거 여론 조사와 다릅니다. 세대와 성별, 지역 등에 따라 표본 추출을 하는 여론조사와 달리 빅데이터 분석은 온라인에 올라온 텍스트만 분석합니다. 온라인상의 정치 관련 생각과 마음을 읽는데 특화된 분석 방법이기에 후보에 대한 지지도를 묻는 여론조사와 근본적으로 다릅니다. 분석 방법과 데이터 출처 등은 관련 기사(https://news.jtbc.joins.com/article/article.aspx?news_id=NB12033954)에서 참조하시기 바랍니다.  "
"24","
                      17일 JTBC빅데이터랩의 2022년 대선 주요 후보 2인에 대한 첫 분석 이후 관심지수 비교에서 한 때 역전이 일어났다 다시 경합 국면으로 들어갔습니다. 19일 오전 기준 이재명 더불어민주당 대선후보와 윤석열 국민의힘 대선후보의 관심 지수는 50.2 vs 49.8로 분석됐습니다.     뉴스·커뮤니티·SNS·블로그 등 온라인 텍스트를 분석하는 JTBC빅데이터랩은 이 후보와 윤 후보간 관심도 추이에서 유의미한 변화가 포착될 때 실시간으로 분석 결과를 내놓고 있습니다.  JTBC빅데이터랩 관심지수 추이 그래프. 금주(15~19일) 들어 본격적인 관심도 경합을 보이고 있다.        지난 16일 관심지수에서 역전한 윤 후보는 18일 역전을 허용했다가 다시 초근접권으로 복귀했습니다. 두 후보에 대한 관심도가 요동친 이유는 뭘까요. 17~19일 오전 핵심 키워드 분석에서 두 후보는 '재난지원금·대장동(이재명)' vs '(공수처)수사·김종인(윤석열)'으로 연관 키워드가 몰렸습니다.  더불어민주당 이재명 후보를 검색어로 한 핵심 연관 키워드들. 국회와 재난지원금, 대장동이 눈에 띈다.              재난지원금 지급을 둘러싼 신경전이 뜨겁게 국회를 달구면서 이 후보에 대한 관심도가 높아졌고 이를 철회하면서 다시 공방을 불렀습니다. 대장동 개발 의혹을 둘러싼 이 후보의 특검 수용 의사가 나온 뒤 대장동과 특검·수사 키워드가 핵심 연관어로 강하게 떠오르며 주목을 받았습니다.이 후보와 윤 후보는 부정 감성이 긍정 감성보다 높게 분석됐다는 점에서 관심의 성격은 부정 키워드에서 더 크게 반응한 것으로 풀이됩니다.    17~19일 오전 이 후보에 대한 긍정,부정 감성분석 결과.               이 후보는 18일 아내 김혜경씨와 고척동스카이돔을 방문 코리안시리즈 4차전을 관람했습니다. 낙상 사고 이후 첫 동반 외출이라는 점에서 비상한 관심을 끌었고 관련 키워드들이 이슈 집중이 됐다는 점을 잘 보여주고 있습니다. 이슈 생산을 위해 메시지와 동선을 분주하게 짜고 있는 이 후보측 전략으로 관측됩니다.   윤석열 국민의힘 대선후보를 검색어로 한 핵심 연관 키워드들. 공수처의 수사와 아내 김건희씨, 김종인 키워드가 눈에 띈다.              반면 윤 후보는 메시지와 외부 동선을 크게 잡지 않는 소강 상태를 유지했습니다. 다만 물밑에서 선대위 구성과 인선을 둘러싸고 숨가쁘게 진행됐던 상황이 핵심 키워드에 고스란히 녹아 있습니다. 이 후보에 비해 관심도가 줄어든 요인으로 예상보다 길어지고 있는 선대위 인선이 아니냐는 분석입니다.     김병준 전 국민의힘 비대위원장과 김한길 전 민주당 대표 등의 인선을 놓고 김종인 국민의힘 전 비대위원장과 윤석열 후보간 조율이 논란을 부르면서 관심의 집중력이 분산된 것으로 보입니다.  17~19일 오전 윤 후보에 대한 긍정,부정 감성 분석 결과.               윤 후보를 향해 수사 역량을 집중하고 있는 (공수처) 수사와 함께 더불어민주당이 윤 후보의 이른바 '본부장(본인ㆍ부인ㆍ장모)' 의혹 사건에 대한 공세 수위를 높이고 있는 점도 부정적 에너지를 키웠습니다. 이 후보가 '조건없는 특검'을 수용한 뒤 민주당 차원의 총공세가 시작되면서 방어에 나선 윤 후보에 대한 관심이 다시 상승한 것으로 분석됩니다.  12~19일 오전 일주일 누적 관심지수 비교.               일주일간 누적 관심지수 비교에선 윤 후보가 근소하게 이 후보를 앞서고 있는 것으로 나왔습니다. 긍정·부정 호감도는 이 후보가 긍·부정 격차가 조금 더 크게 나왔습니다.   12~19일 오전 일주일 누적 감성분석 비교.               실질 언급량 = 뉴스와 온라인 커뮤니티, 블로그, SNS에서 검색어 관련 키워드·핵심 어구가 추출된 글(또는 기사) 건 수     이슈 집중력 = 언어군집(키워드·핵심 어구들로 형성)의 밀도를 계산한 함수값     관심 지수 = 비교 대상들의 이슈 집중력을 100으로 환산해 나타낸 값     ※ 빅데이터 분석은 선거 여론 조사와 다릅니다. 세대와 성별, 지역 등에 따라 표본 추출을 하는 여론조사와 달리 빅데이터 분석은 온라인에 올라온 텍스트만 분석합니다. 온라인상의 정치 관련 생각과 마음을 읽는데 특화된 분석 방법이기에 후보에 대한 지지도를 묻는 여론조사와 근본적으로 다릅니다.      분석 방법과 데이터 출처 등은 관련 기사(https://news.jtbc.joins.com/article/article.aspx?news_id=NB12033954)에서 참조하시기 바랍니다.  "
"25","
                       빅데이터 분석은 평면적인 분석에서 드러나지 않았던 온라인 이용자들의 생각과 마음의 자취를 입체적으로 읽는 데 초점을 두고 있습니다. 가장 일반적인 분석 방법은 검색을 통한 언급량의 변동 추이를 통해 검색어에 대한 관심도를 가늠하는 방식이었습니다. 양적 평가만 가능했습니다.    NLP 엔진 이미지 그래픽              JTBC 빅데이터랩 강점은 단순 언급량이 아닌 실질적인 언급량 분석에 있습니다.       실질 언급량은 어떻게 산출할까요.       빅데이터랩의 자연어 처리 AI엔진은 텍스트의 핵심 메시지를 파악해 키워드와 중심 어구를 먼저 추출합니다. 요즘 각광받는 대화형 챗봇을 상상해보시면 이해에 도움이 됩니다. 대화형 챗봇은 고정된 시나리오에 따른 답변이 아니라 시나리오에 없는 질문이 들어와도 문제의 핵심을 파악해 응답합니다. 답변의 정확성은 자연어 처리(NLP) 엔진 기술에 달려 있습니다.         빅데이터랩의 NLP엔진은 문장의 핵심을 요약해내는 기능이 특화된 AI엔진입니다.       예를 들어 『 '괘씸죄' 호주에 무차별 경제보복…中 , 제 발등 찍었다(10.1 JTBC)』 기사의 핵심 요지는 다음과 같습니다.       코로나 기원설 등으로 호주와 외교 갈등을 빚은 중국이 경제 보복으로 호주산 석탄의 수입을 금지시켰는데 열효율 좋은 호주산 석탄이 시장에서 사라지자 석탄 가격 급등에 부담을 느낀 화력발전 회사들이 전력 생산을 줄였고 그 바람에 전력 대란이 일어났다는 스토리입니다. 전력 대란으로 수출 기지의 공장들이 제한 송전으로 생산에 차질을 빚어 중국이 경제 보복의 부메랑을 맞고 있다는 얘기입니다.       빅데이터랩의 NLP엔진은 어떻게 요지를 파악했나 함께 보실까요. 핵심 메시지는 노란색 선으로 표시했습니다.    『 '괘씸죄' 호주에 무차별 경제보복...中 , 제 발등 찍었다(10.1 JTBC)』기사.                『 '괘씸죄' 호주에 무차별 경제보복...中 , 제 발등 찍었다(10.1 JTBC)』기사                『 '괘씸죄' 호주에 무차별 경제보복...中 , 제 발등 찍었다(10.1 JTBC)』 기사                『 '괘씸죄' 호주에 무차별 경제보복...中 , 제 발등 찍었다(10.1 JTBC)』기사         어떻습니까. 잘 파악한 거 같나요?     빅데이터랩은 이렇게 추출된 핵심 문장들을 대상으로 이슈 집중력을 측정합니다. 단순히 빈도만 파악하는 언급량 분석과 차별화되는 핵심 기능입니다. 핵심 메시지를 추출했기 때문에 키워드 뿐 아니라 핵심 어구까지 파악할 수 있습니다.       대선 후보들을 검색어로 입력해 분석해보겠습니다.  다양한 텍스트로부터 핵심 메시지가 추출되면 다시 분석에 들어가 검색어와 관련 있는 연관어와 연관어구가 뽑혀 나옵니다.      윤석열 후보를 검색했을 때 형성된 연관어 말 구름.         예를 들어 지난 일주일(11월 10일~16일) 동안 수집한 데이터를 대상으로 윤석열 후보를 입력할 경우 이재명 후보가 가장 집중 강도가 센 연관 키워드로 떠오릅니다. 광주ㆍ김종인ㆍ이준석ㆍ수사 등의 키워드와 '민주와 인권'ㆍ'검찰의 수사' 등 핵심 어구들이 뒤따릅니다. 광주를 방문한 윤 후보가 쏟아낸 발언들과 윤석열 후보에 대한 검찰의 적극적 수사를 강조한 이재명 후보의 말들이 연관 어구들 중에서 강도가 센 것으로 나타났습니다.    이재명 후보를 검색했을 때 연관어 말구름.              이재명 후보의 경우 국회가 핵심 키워드로 부상하고 청년ㆍ버스ㆍ특검이 뒤를 잇습니다.       그리고 유시민 전 노무현재단 이사장이 이 후보에게 추천한 '솔제니친의 소설'과 '검찰의 수사' 등이 핵심 어구로 부상했습니다. 키워드ㆍ어구들은 저마다 강하거나 약한 밀도로 언어군집을 이루는데, 이 밀도를 계산한 함수값에 따라 이슈 집중력이 산출됩니다.       산출된 이슈 집중력은 두 후보를 비교할 수 있도록 100으로 환산해 관심지수화했습니다.       JTBC 빅데이터랩은 뉴스와 블로그, 실시간 온라인 커뮤니티 순위 사이트에서 수집한 21개 주요 커뮤니티의 대선ㆍ정치 관련 게시판의 글들을 취합해 분석했습니다. 게시판 선정은 숙명여대 신문방송학과 안민호 교수팀이 맡아 수행했습니다.    "
"26","
                    JTBC가 자체 개발한 빅데이터 분석 시스템으로 2022년 대선 분석에 들어간다.<U+00A0><U+00A0>JTBC가 AI 전문업체와 공동 기획·개발한 'JTBC빅데이터랩'은 문장의 핵심 메시지를 추출하는 자연어 알고리즘을 통해 분석의 정확성을 높인 빅데이터 분석 시스템이다. JTBC는 2022년 대선을 앞두고 해당 시스템을 통해 온라인 뉴스와 커뮤니티 저변에 자리 잡은 민심의 현주소를 정확하고 빠르게 전달한다.'JTBC 빅데이터랩'은 시시각각 변화하는 유권자의 생각을 발 빠르게 읽어내기 위해 24시간 동안 모은 따끈따끈한 데이터를 분석한다. 24시간은 기존의 빅데이터 분석과 비교해 파격적인 기준이다. 또한 3일, 7일 기준으로 후보별 빅데이터 분석은 물론, 후보들간 비교를 통해 관심도와 호감도, 누가 이슈의 중심에서 민심의 흐름을 타고 있는지 등을 추적해 보도할 예정이다.<U+00A0><U+00A0>'JTBC 빅데이터랩'의 특징은 딥러닝 기반의 자연어 처리 엔진을 적용해 텍스트 분석에 특화됐다는 것이다. 영어기반의 자연어 처리 과정에서 발생하는 해석상의 오류를 해결하기 위해 한국어 특성에 맞춘 문장 요약과 감성 분석을 강화했다. 특히 핵심 문장을 추출하는 알고리즘을 통해 유의미한 언급들을 따로 모은 뒤 이슈들의 밀집 강도를 평가해 관심도를 측정하고 있다.일례로 10월 7일~ 11월 6일 1개월간 더불어민주당 이재명 후보와 국민의힘 윤석열·홍준표 후보의 이슈 집중 강도를 100으로 환산한 관심지수를 보면, 이 기간 중 대장동 개발사업 의혹·식당 허가총량제·추가재난지원금 등 이슈의 중심에서 이 후보에 대한 관심도가 높았다. 일일 관심 지수 변화 흐름을 보면 이 후보가 다른 후보보다 높은 관심을 받고 있었다는 것을 알 수 있다. 11월 5일 국민의힘 대선 후보 결정을 앞두고 윤 후보와 홍 후보가 각축을 벌였다. 특히 홍 후보는 11월 들어 윤 후보와 박빙의 관심도 경쟁을 벌였으나 후보 선출일을 하루 앞둔 4일 밀리기 시작해 5일에는 격차를 좁히지 못하고 고배를 마셨다. 관심도에서 고공행진을 벌였던 이 후보는 5일 윤·홍 후보보다 낮은 관심권으로 이동했으나 6일 긍정·부정키워드 몰이를 하며 이슈 집중력이 커졌던 것으로 분석됐다.<U+00A0><U+00A0>분석에 사용되는 데이터는 온라인 뉴스와 소셜미디어 트위터, 그리고 실시간 온라인 커뮤니티 순위 사이트에서 수집한 21개 주요 커뮤니티의 대선 정치 관련 게시판의 글들을 취합한다. 게시판 선정은 숙명여대 신문방송학과 안민호 교수팀이 맡아 수행했다.2022년 대선 보도를 더욱 정확하고 생생하게 전달 할 수 있도록 지원할 'JTBC 빅데이터랩'은 오는 17일(수) JTBC 디지털 대선 플랫폼과 뉴스룸에 공개된다.(JTBC 모바일운영팀)
                "
"27","
                              해산물 시장을 찾은 중국인 손님이 알리페이를 이용해 결제를 하고 있다.〈사진=테크아시아닷컴 캡처〉        올 것이 온 걸까요.     1년 전 가을 마윈의 앤트파이낸셜이 홍콩 증시 입성을 앞두고 된서리를 맞았죠. 앤트그룹은 홍콩과 상하이 증시에 동시 상장이 예정된 상태였습니다. 기업 가치는 최고 2500억달러(약 291조원)로 추산됐습니다. 당시만 해도 몇 달 안에 상장이 다시 추진될 것이란 외신 보도가 많았습니다. 빅테크가 먼저 시장을 만들면 나중에 현실에 맞춰 당국이 따라가는 추세 흐름이 이어져 왔기에 앤트 사태로 인해 이런 행보가 틀어질 것으로 보지 않았습니다.     현실의 변화는 매서웠습니다. 중국 당국이 앤트그룹에서 핵심 사업인 소액대출업을 분리해 국유화하는 작업에 속도를 내고 있다고 합니다. 파이낸셜타임스(FT) 최근 보도입니다.     규제 당국은 모바일 결제앱인 알리페이에서 단기 소액 대출 서비스인 '제베이(借唄)'와 신용카드 서비스인 '화베이(花唄)'를 분리하라고 지시했다는군요. 화베이는 알리바바 쇼핑몰인 타오바오나 티몰에서 물건을 구매하는 알리페이 사용자에게 소액을 대출합니다. 제베이는 온라인 알리페이 계정으로 최소 1000위안(약 18만원)에서 5만위안(약 910만원)을 즉시 대출해줍니다.  〈사진=바이두백과 캡처〉              이런 서비스를 알리페이에서 떼어내라 했다는 것은 무슨 의미일까요. 당국이 알리바바의 소매 금융에 손을 댔다는 것은 알리페이 제국의 한 축이 허물어지고 있다는 것을 뜻합니다. 그 정도로 알리페이와 소매 금융은 동전의 앞과 뒤처럼 밀접한 관계입니다.      우선 알리페이부터 볼까요. 알리페이는 중국 최대 전자상거래업체 알리바바의 다양한 온라인 쇼핑몰에서 독점적으로 쓰이는 결제 수단입니다. 이 결제 수단이 알리바바 그룹에게 황금알을 낳는 거위가 됐습니다. 2004년 출시한 알리페이는 미국의 최대 결제 플랫폼 '페이팔'을 벤치마킹한 에스크로(결제 대금 예치) 기반 결제 시스템이었습니다.     이 시스템은 알리바바 '돈놀이'의 출발점이었습니다. 운영 원리는 실생활에서 이미 보편화됐기에 짧게 설명하겠습니다. 소비자는 인터넷 쇼핑을 통해 주문을 할 때 결제도 함께 하잖습니까. 그 결제 시스템이 알리페이입니다. 알리페이 사용자는 9억명이 넘는 것으로 알려졌습니다. 아무튼 알리페이는 결제한 돈을 잠시 갖고 있습니다. 소비자가 상품 수령을 완료했다고 확인을 해줘야만 생산자(또는 공급자)에게 전달하는 시스템입니다.     그런데 소비자들은 보통 물건을 받았다고 재깍 '확인'을 누르지 않습니다. 물건에 하자가 있거나 잘못 배송돼 왔을 경우를 제외하곤 굳이 찾아 들어가 '잘 받았다'고 확인해주지 않습니다. 인센티브가 있다면 모를까 물건을 받자마자 앱에 들어가 굳이 수령 확인까지 하지는 않습니다. 소비자 입장에선 이미 결제를 했기 때문입니다.     알리페이는 일단 2주를 기다렸다가 소비자로부터 어필이 들어오지 않으면 생산자에게 돈을 전달합니다. 이게 에스크로 결제 시스템입니다.     2주간 결제 대금을 잡고 있으면서 알리페이는 이 돈을 굴립니다. 무상으로 빌린 돈 아닙니까. 이 고객의 결제 대금을 밑천 삼아 여러 금융 서비스가 만들어집니다. 거의 상상할 수 있는 모든 금융 서비스입니다. 대출도 해주고 펀드도 만들어 투자도 하고 인터넷 은행도 차립니다. 이 모든 걸 규제 당국은 지켜만 볼 뿐 제동을 걸지 않았습니다.     거래는 계속 되고 데이터가 쌓여 빅데이터가 됩니다. 이 빅데이터를 돌려 신용도 평가하고 대출 서비스의 기준으로 삼습니다. 중국에선 담보 없으면 대출이 안됩니다. 그래서 확실한 담보가 있는 국유기업 위주로 대출이 독점되곤 합니다. 기업도 힘든데 개인이 대출 서비스를 받는다? 정말 어렵습니다. 그런 중국 시장에서 알리페이가 소액 대출이라는 금융 신세계를 연 겁니다.     마윈은 2014년 금융 서비스를 하는 관련 기업을 모아 '앤트파이낸셜'을 만들었습니다. 앤트 제국의 축은 알리페이 입니다. 알리페이를 통해 축적한 빅데이터를 돌려 소비자들의 생각을 읽어낸 뒤 맞춤형 금융 서비스를 찾아줍니다. 이 신용 대출 사업은 2020년 상반기 기준 앤트 그룹 매출의 39%를 차지한 핵심 사업이자 핵심 수익모델입니다. 이번에 당국이 금융 서비스를 떼어내라 했으니 알리페이의 운동장이 갑자기 없어진 겁니다. 시쳇말로 알리바바는 '맛이 가게' 생겼습니다.  〈사진=테크아시아닷컴 캡처〉              알리바바는 반발할까요. 아닐 겁니다. 중국에서 정책 당국에 대드는 모양새를 취했다가 얻어맞는 경우가 어디 한 둘이어야지요. 은유를 써도 맞고 시를 읊어도 내용이 불순하게 해석되는 타이밍이면 불호령이 떨어집니다. 결국 알리바바는 현실에 순응하면서 살 길을 모색할 겁니다.  ■ 새장 경제 본색, 선택의 기로 선 빅테크       중국의 경제는 '새장경제'로 설명하곤 합니다. 당·국가와 기업은 새장과 새의 관계입니다. 새가 원기 넘치게 날면 새장도 커지고 새의 몸집이 크면 새장도 넓어집니다. 새의 움직임에 따라 탄력적으로 새장이 생겨납니다. 그러나 새장은 어디까지나 새장일 뿐입니다. 새장을 벗어난 새는 새가 아닙니다. 오로지 새장용 새만 새인 겁니다. 중국 특색의 사회주의 시장경제의 본질을 찾아 끝까지 인수분해 해보면 결국 '새장용 새'만 남습니다.     중국의 빅테크는 혁신에 혁신을 거듭해왔습니다. 무(無)규제의 실험장에서 오로지 실적을 높이고 시장 점유율을 확보하기 위해 치열하게 싸웠습니다. 경쟁 상대는 치킨 게임으로 무자비하게 밀어내고 독과점의 고지에 올랐습니다. 그 과정에서 혁신 역량이 배양되고 축적됐습니다.     시장에서 검증된 성공 모델을 날개 삼아 해외 시장으로 발돋음을 앞두고 있던 찰라였습니다. 뉴욕 증시에 상장해 실탄도 두둑하게 마련한다는 장미빛 미래에 들떴던 찰라였습니다.     돌연 새장 주인이 차갑게 명령합니다. ""새장에 맞게 새장용 새로 돌아오라""고 말입니다. 굉음을 내며 해외 상장은 급브레이크가 걸리고 차량공유, 온라인 교육, 배달 시장은 시장 자체가 없어질지 모른다며 겁에 질려 있습니다.   새장 경제의 한계입니다. 빅테크의 혁신을 이끌던 방임형 새장경제는 자체의 본질적 속성으로 인해 민영기업의 혁신 역량에 타격을 가하고 있습니다. 가두리 양식장에서 크는 고기는 자연산보다 몸집이 더 클 수 있습니다. 하지만 가두리 밖에선 거센 조류와 천적 생태계에 노출돼 '헉'하고 쓰러질 겁니다.     우리도 인터넷 플랫폼 기업에 대한 규제 드라이브가 걸렸습니다. 플랫폼이 산업 하나를 완전히 '말아 먹을 수도 있다'는 공포 앞에서 제동이 걸리고 있습니다. 이런 흐름은 미국도 마찬가지입니다.     다만 중국의 예에서 보듯 무한대의 방임에서 방향을 급하게 돌려 시장을 밀어버리듯 황금알 사업을 국유화하는 방식은 후유증을 남길 수 있다는 점에서 경중과 완급을 가려 우리 경제도 시의적절한 교훈으로 삼았으면 합니다.  "
"28","
                    NHN이 경남 김해에 제2데이터센터 ‘토스트 클라우드 센터2(TCC2)’를 건립한다고 4일 밝혔다.  NHN은 이날 경남도청에서 경남도, HDC현대산업개발, 김해시와 함께 ‘NHN의 클라우드 데이터센터 건립’을 위한 투자협약 체결식을 진행했다.  이번 투자 협약을 통해 NHN은 HDC현대산업개발과 함께 약 5000억원을 투입, 데이터센터 부지로 선정된 김해시 부원지구 2만여 평의 공동 개발에 나서며, NHN의 두번째 클라우드 데이터센터 ‘TCC2’와 R&D센터를 건립한다.  NHN은 올해 초부터 경남도와의 투자상담을 지속해오며 경남 지역 내 총 3곳의 데이터센터 후보지를 제안받았다. 이후 현장실사와 기술평가 등을 거쳐 김해 부원지구를 TCC2 최종 부지로 선정했다. TCC2 부지로 최종 낙점된 김해 부원지구는 NHN과 HDC현대산업개발과의 공동 개발을 통해 데이터센터 기반의 스마트시티로 조성될 계획이다.  김해 부원지구에 들어서는 ‘TCC2’는 10만대 이상의 대규모 서버 운영이 가능한 하이퍼스케일급 도심형 친환경 데이터센터로, 경기도 판교에 위치한 ‘TCC1’보다 4배 이상의 큰 규모다.  NHN은 자체 보유한 통합 클라우드 서비스 ‘토스트(TOAST)’의 사업 확대와 더불어 포스트 코로나 시대로 본격화된 디지털 전환으로 클라우드 수요 급증이 예상됨에 따라 TCC1의 데이터 수용 능력을 넘어선 새로운 ‘데이터 허브’가 필요했다.  TCC2는 경남지역의 제조업, 의료, 금융, 공공 등 지역 산업 대상의 클라우드 공급 확대와 빅데이터, AI 등을 활용한 산업 간의 연계를 통해 데이터 플랫폼 구축도 이끌어 간다는 계획이다.  또 NHN R&D센터는 500여 명의 연구 인력이 근무하며 경남 지역 산업과 ICT산업의 융복합 기반을 조성하게 된다.  진은숙 NHN CTO는 “NHN은 김해 부원지구의 TCC2를 클라우드 사업의 핵심 기지로 성장시키는 동시에, 경남지역이 IT 관련 신성장 산업 분야의 선도적 위치를 선점할 수 있도록 다각적인 투자와 지원을 지속해 나가겠다”고 말했다.  권오용 기자 kwon.ohyong@joongang.co.kr"
"29","
                    [앵커]'한국판 뉴딜'로 만들 수 있는 건<U+00A0>어떤 일자리일까요. 정부가 오늘(7일) 공개한 청사진을 보면 막힌 도로를 피해갈 수 있도록, 빅데이터를 분석하는 사람을 뽑을 걸로 보입니다. 컴퓨터 언어로 프로그램을 만드는<U+00A0>코딩 기술자와 사이버 보안 요원도 채용합니다.박영우 기자입니다.[기자]세종시<U+00A0>정부청사에<U+00A0>있는<U+00A0>국가교통정보센터입니다.전국에<U+00A0>있는<U+00A0>도로<U+00A0>교통<U+00A0>정보가<U+00A0>이곳으로<U+00A0>모입니다.빅데이터를 분석해<U+00A0>정체<U+00A0>구간<U+00A0>등을<U+00A0>예상할<U+00A0>수<U+00A0>있습니다.빅데이터를 만들려면<U+00A0>많은 인력이<U+00A0>작은 데이터를 모으고 쌓은 뒤 가공해야 합니다.컴퓨터 언어로 프로그램을 만드는 코딩 기술자나<U+00A0>사이버 보안요원도 많이 필요하다는 게 정부의 설명입니다.정부가 추진하는 '한국판 뉴딜'은 이처럼<U+00A0>미래를 위한 디지털 인프라를 다지는 직업을<U+00A0>많이 만들겠다는 겁니다.한국판 뉴딜을 이끌 3대 사업은<U+00A0>데이터와 5G 기술, 인공지능입니다.한 사무실에서 얼굴을 맞대지 않아도<U+00A0>컴퓨터만 있으면 일할 수 있는 '비대면 일자리'라는 게 특징입니다.[홍남기/경제부총리 겸 기획재정부 장관 : 디지털 기반 일자리 창출 및 경제혁신 가속화 프로젝트를 중심으로 추진한다는 것이 요점이 되겠습니다.]빅데이터를 만드는 데 속도를 높일 수 있도록<U+00A0>5G<U+00A0>전국망도 예정보다 일찍 깔기로 했습니다.이를 위해서는 기지국을 늘려야 하는데,<U+00A0>이 과정에서 많은 일자리가 필요합니다.원격 교육에 쓸 수 있는<U+00A0>음성과 행동을 인식하고 언어와 시각정보를 이해할 수 있는 인공지능도 개발합니다.정부는 다음 달<U+00A0>초<U+00A0>한국판<U+00A0>뉴딜<U+00A0>세부<U+00A0>추진<U+00A0>방안을<U+00A0>확정해 발표하기로<U+00A0>했습니다.
                "
"30","
                    블록체인 기반 데이터 플랫폼 기업 '아모랩스(AMO Labs, 대표 심상규)'가 FIFA 인증 EPTS(Electronic Perfomence & Tracking System, 전자 퍼포먼스-트레킹 시스템) 기업 '핏투게더(대표 윤진성)'와 데이터 에코시스템 구축을 위한 업무 협약을 체결했다.'아모랩스'는 정보보안 전문기업 '펜타시큐리티'의 자회사로, 자동차 및 교통 데이터 플랫폼 'AMO'를 필두로 중국 전기차 제조사와 협업해 차량 정보 수집 및 분석 앱을 개발하는 등 국내외 사업을 전개하고 있다. 기존에 주로 자동차 데이터 사업에 집중해 온 터라 이번 EPTS 스포츠 데이터 협업은 다소 이례적이다.세계적으로 스포츠 데이터 활용 수요가 증가하는 가운데, '핏투게더'는 2017년 국내 최초로 EPTS 디바이스 등 웨어러블 스포츠 장비를 개발해 국제축구연맹(FIFA) 공식 EPTS 기업으로 승인받았다. 또한 K리그 공식 EPTS 파트너로 선정되면서 체계적 선수단 관리를 위해 선수들의 운동량, 성장도, 피로도 등 모든 활동 데이터를 세밀하게 수집, 분석하고 있다.이번 업무 협약을 통해 '핏투게더'가 수집, 분석한 스포츠 데이터는 'AMO' 플랫폼 상에서 데이터 저작권을 보장받으며 공유되고 거래된다. 이로써 '아모랩스'는 기존의 자동차 데이터 사업에 국한되지 않고 스포츠, 에너지, 공공, 의료 등 다양한 데이터를 활용하는 종합 데이터 생태계 비즈니스로 사업 영역을 확장하게 되었다.'아모랩스'의 심상규 대표는 ""지금까지는 차량 및 교통 데이터 사업에 집중해 왔지만, AMO 플랫폼은 어떤 종류의 데이터도 활용 가능하다. 마침 IoT와 빅데이터 분야의 급성장에 따라 광범위한 영역에서 데이터 활용 수요가 급증하고 있다. 이에 보다 확장된 데이터 에코시스템을 구축함으로써 데이터가 충분한 가치를 보장받으며 적재적소에 활용될 수 있도록 하겠다""고 말했다.이소영 기자 
                "
"31","
                    4차 산업혁명 시대가 도래한 뒤 다양한 산업에 빅데이터, 인공지능 등의 기술이 결합하여 새로운 시장이 탄생하고 있다.스포츠도 빅데이터 기술의 결합으로 새로운 국면을 맞고 있다. 선수, 코치 등 개인에 대한 자료는 물론이고 팀 전체의 역사와 성적 등 다양한 데이터를 바탕으로 경기의 승패를 면밀히 분석하며 수많은 스포츠 팬들의 시선이 쏠리고 있는 것.관계자는 ""많은 기업들이 경기 예측 시스템을 가동해왔지만 정확도면에서 문제가 많아 신빙성 있는 데이터와 분석 자료가 부족하다는 지적이 있어왔다. 스포츠와 빅데이터 기술이 결합되며 이러한 부분을 채워주고 있다""라고 전했다.해외에는 많은 기업들이 스포츠 빅데이터 분야에서 두각을 드러내고 있다. 대표적으로 미국은 ESPN이라는 스포츠 전문 웹페이지를 통해 스포츠 전반의 데이터와 통계를 바탕으로 한 프리뷰가 가능하고 승부예측 및 시뮬레이터를 통해 스포츠 매니아들의 갈증을 해소하고 있다.반면 국내에는 전문적인 스포츠 통계 웹사이트가 없어 스포츠 팬들의 아쉬움이 있었던 것이 사실이다. 이러한 가운데 단순히 보는 스포츠를 넘어 경기 결과를 예측하며 선수들의 활약을 응용된 데이터를 통해 확인할 수 있는 웹사이트 '프리뷰N'이 등장해 눈길을 끈다.4차 산업혁명을 대표하는 기술 중 하나인 빅데이터와 스포츠가 만나 탄생한 프리뷰N은 1차 데이터를 가공하여 2, 3차 데이터를 생산하고 있다. 특히 농구종목은 가공된 데이터를 바탕으로 시뮬레이션해 승부의 예측은 물론 각 팀의 점수분포를 예상할 수 있을 만큼의 정확한 데이터를 보여주고 있다.축구의 경우는 잉글랜드 프리미어리그는 물론 세계 5대 메이저 리그를 모두 다루고 있으며 각 경기의 결장자를 미리 알려주어 경기에 미치는 영향을 사용자들에게 보여준다. 아울러 각 팀의 포메이션별 득점과 실점의 분포도를 분석하고 있어 경기 시작 전 스포츠 마니아들에게 보다 흥미를 유발할 수 요소들을 갖추고 있다.농구의 경우, KBL을 비롯해 NBA까지 쿼터별 점수 분포, 3점 슈팅%, 페인트좀 점수 등 항목별 30여가지 이상의 세부 스탯을 등을 다룬다. 이러한 세부 스탯들은 프리뷰N에서 자체 개발한 시물레이터를 사용하여 매 경기 승패를 예측 할 수 있으며 각 팀의 점수 분포도를 볼 수 있다. 프리뷰N 개발진은 “해당 서비스의 경우 상당한 정확도를 자랑한다. 작년 NBA의 경우 75% 이상의 승패 예측 정확도를 보여주었다.”고 덧붙였다.프리뷰N 주용준 대표는 ""스포츠 빅데이터는 이미 전 세계적으로 활용되고 있으며 프리뷰N 데이터의 경우에도 많은 기자들이 기사를 쓰는 목적으로 활용하고 있다""라며 ""다양하고 정확한 데이터의 구축과 정보분석 알고리즘에 더 많은 투자를 하기 시작했다. 이는 보다 양질의 데이터를 발굴하기 위함으로 양질의 데이터는 앞으로 프로 스포츠는 물론이고 학원 체육발전에도 상당부분 이바지 할 수 있을 것으로 생각한다""라고 전했다.이승한기자
                "
"32","
                    '차이나는 클라스' 학생들이 '빅데이터'를 주제로 문답을 벌인다.4일(수) 방송되는 JTBC '차이나는 클라스-질문 있습니다'(이하 '차이나는 클라스')에서 빅데이터 분석학 전문가인 이화여대 신경식 교수가 흥미진진한 빅데이터 이야기를 나눈다.최근 진행된 '차이나는 클라스' 녹화에서 4차 산업 시대에 없어서는 안 될 미래의 먹거리, 빅데이터의 양면성이 화두에 올랐다. 빅데이터는 공공 분야에서도 범죄예방과 자연재해 예측까지 무궁무진하게 활용되고 있지만, 한편으로 사생활 침해가 아니냐는 우려의 목소리도 커지고 있는 상황. 신경식 교수는 ""미국의 한 마트에서 여고생의 구매 패턴을 분석해 유아용품 쿠폰을 발송하는 바람에 그때서야 부모가 딸의 임신을 알게 되었던 사건도 있었다""라고 전해 학생들을 놀라게 했다.이어 세계 최고 수준의 IT 인프라를 갖춘 대한민국이 빅데이터 활용 순위는 31위이라는 사실도 공개됐다. 신경식 교수는 ""우리 삶 뼛속 깊이 자리 잡은 빅데이터가 더욱 발전하기 위해서 꼭 넘어야 할 산이 있다. 바로 '개인정보 보호법'이다""라고 전했다. 대한민국의 개인정보 보호법으로 인해 많은 데이터 수집이 어려운 상황이라는 것. 이에 게스트로 출연한 유재환은 ""법이 너무 세다""라고 의견을 밝힌 반면, 오상진은 ""그도 그럴 것이 기업들의 개인정보 유출 사건이 너무 많았다""라며 소신을 밝히는 등 학생들 사이에서도 다양한 의견이 나왔다.또한 신경식 교수는 ""빅데이터 발전을 위해서 이 직업군의 양성이 중요하다""라고 전해 궁금증을 자아냈다. 미래의 직업군으로 각광받는 이 직업의 정체는 본 방송에서 공개된다.JTBC '차이나는 클라스-질문 있습니다'는 9월 4일(수) 밤 9시 30분에 공개된다.(JTBC 뉴스운영팀)
                "
"33","
                    유재환이 다이어트 성공 비결을 '빅데이터'라고 전했다.4일(수)에 방송되는 JTBC '차이나는 클라스-질문 있습니다'(이하 '차이나는 클라스')에서는 이화여대 빅데이터 분석학 전공 신경식 교수가 '빅데이터, 미래 먹거리 될까?'를 주제로 문답을 나눈다.최근 진행된 '차이나는 클라스' 녹화에서 신경식 교수는 빅데이터를 ""우리의 경쟁력을 좌우하는 '21세기의 원유'다""라고 소개해 눈길을 끌었다. 특히 화폐나 금처럼 새로운 자산이라 할 정도로 빅데이터의 중요성과 활용은 나날이 증가하고 있는 상황. 신경식 교수는<U+00A0>빅데이터의 정의는 물론 우리가 이를 알아야 하는 이유까지 흥미진진한 이야기를 전했다.한편, 이날 녹화에서는 넉 달 만에 '차이나는 클라스'를 다시 찾아온 특별한 게스트가 함께 했다. 최근 실시간 검색어 1위의 주인공으로 등극한 유재환이 바로 그 주인공. '법대 나온 남자' 유재환은 몰라보게 체중을 감량한 모습으로 나타나 학생들을 깜짝 놀라게 했다. 그는 ""발라드 가수의 진지함과 건강을 위해 8개월 전부터 현재까지 다이어트 중이다""라고 다이어트의 이유를 밝혔다. 이어 ""체중감량의 비결은 바로 오늘의 주제인 신기술 '빅데이터'다""라고 소개했는데, 학생들은 ""아무리 차이나는 클라스에 출연하고 싶다고 해도 너무하다""라며 이를 믿지 않았다는 후문. 과연 유재환이 밝힌 빅데이터 다이어트의 진실은 무엇일까.유재환의 다이어트 비법은 9월 4일(수) 밤 9시 30분에 방송되는 JTBC '차이나는 클라스-질문 있습니다'에서 확인할 수 있다.(JTBC 뉴스운영팀)
                "
"34","
                    지난 10년 동안 온 · 오프 유통채널의 지각변동을 경험한 패션기업들은 5G시대가 본격 개막한 올해를 기점으로 향후 10년 동안은 온라인과 모바일을 아우르는 e-비즈니스가 패션산업의 성패를 좌우할 것으로 내다보고 디지털 전환에 속도를 내고 있다.현재의 4차 산업혁명 시대에 패션은 빅데이터, 모바일, 인공지능 등과 융합해 혁명적으로 바뀌고 있다. 이제는 전문가가 아니더라도 손끝 터치만으로 패션 트렌드를 파악할 수 있고 매장에 가지 않아도 원하는 상품을 싸고 쉽게 구입할 수 있는 것이다.이러한 시대에 빅데이터를 배울 수 있는 패션인재가 필수적이나, 패션 관련 빅데이터를 활용한 수업을 하는 곳이 한정적이다.서울 혜화역에 위치한 한국패션실용전문학교에서 4차 산업을 대비해 다가오는 7월 22일에 ‘빅데이터를 활용할 수 있는 패션디자이너 양성’ 강의를 개강할 예정이다.이 수업을 통해 빅데이터를 활용하여 시장 환경 및 소비자 분석을 통해 패션기업에서 반품률을 줄이고, 고객의 만족도를 향상시키기 위해 고객의 직업, 나이, 체형, 구매성향, 스타일 등을 종합적으로 파악하여 고객에게 적합한 상품을 추천할 수 있는 내용을 배울 수 있다.국내외 트렌드 자료, 시장조사 자료, 패션정보의 수집 및 조사와 빅데이터를 활용한 패션디자인을 할 수 있는 능력과 생산을 위한 시제품 디자인을 채택, 시제품 작업의뢰서 및 시제품 진행 상황 맵을 작성할 수 있게 된다.또한 시제품의 패턴 개발을 의뢰, 개발된 패턴에 의해 제작도니 가봉 시제품을 확인, 패턴 수정을 의뢰하며, 시제품 본봉을 투입, 본봉 시제품의 완성을 확인할 수 있는 능력을 함양시킨다.빅데이터 관련된 이론뿐만 아니라 컴퓨터 그래픽 활용, 포트폴리오 구성 및 제작, 3D CLO, 3D 디자인, 상품기획 등을 심도있게 다룰 탄탄한 교육 커리큘럼을 보유하고 있다. 교과목 샘플패턴 제작을 통해 필요한 사이즈를 설정하고 샘플겉감패턴을 제작, 가봉, 의뢰 및 샘플 패턴 수정부터 재단, 부속봉제 및 합복, 봉제까지 다루는 것이다.한국패션실용전문학교는 고용노동부 선정 교육기관 평가에서 A등급(2013년, 2014년, 2015년)을 받은 바 있으며, 2018년에는 4차 산업혁명 선도 훈련기관으로 선정되기도 하였다.한국패션실용전문학교 ‘빅데이터를 활용할 수 있는 패션디자이너 양성’ 강의는 국가직무능력표준(NCS)을 기반으로 운영하는 실업자(국가기간) 특화과정이다. 내일배움카드 발급 시 수강료를 전액 환급 받을 수 있어 무료로 진행된다.‘빅데이터를 활용할 수 있는 패션디자이너 양성’ 수강신청은 한국패션실용전문학교 홈페이지 및 대표번호를 통해 문의/접수 가능하며, 7월 5일에 접수 마감 예정이다.이소영 기자
                "
"35","
                    그래프 데이터베이스(GDB) 솔루션 전문회사인 비트나인은 국내 반입이 금지된 불법 상품, 마약 등 밀수 범죄를 단속하기 위한 실시간 탐색 시스템 구현을 위해 자사의 아젠스그래프를 관세청에 공급했다고 17일 밝혔다.소위 ‘눈에 보이는 빅데이터’를 표방하는 ‘그래프 데이터베이스 솔루션(GDBMS)’은 지난 수십년간 사용되어온 데이터베이스(RDB) 방식으로는 방대한 양의 빅데이터간 상관관계를 분석하는데 한계가 있어 새롭게 등장한 솔루션이다. 지난 10여년전부터 외산 기술이 개발되어 왔으나 국내 독자 기술로는 비트나인에서 최초로 개발했다고 회사 측은 설명했다. 그래프 데이터베이스 솔루션은 데이터 자체를 점, 선 등 그래프를 활용해 저장, 관리하기 때문에 데이터간의 상관관계를 시각적으로 파악하는데 용이하다. 비트나인은 관세행정 IT 전문기업 케이씨넷(KCNET)과 창원문성대학교와의 협력을 통해 밀수 우범여행자 정보 분석 시스템을 관세청에 공급했다. 관세청은 이번 시스템 도입을 통해 과거 밀수, 마약 등 범죄에 연루된 운항정보, 출입국 정보 등 빅데이터를 실시간으로 시각화해 범죄 탐색 및 예방에 드는 시간과 노력을 줄이게 됐다.비트나인은 관세청 외에도 점차 고도화 및 지능화되고 있는 사이버 보안 위협에 대한 지능형 실시간 대응 시스템에 참여하는 등 국내외 민간 및 정부기관 등을 대상으로 수행 사례를 만들어 가고 있다. 또 군사정보 해킹, 사이버테러 등 다양한 분야에서도 그래프 데이터베이스가 새로운 대안으로 떠오르고 있다고 회사 측은 설명했다.오픈소스 방식으로 공개된 비트나인 아젠스그래프는 한국은 물론 미국, 유럽 등 글로벌 시장에서 지난해 총 2만여건의 다운로드를 기록하며 연간 40배의 성장률을 기록했다. 산업은행, 기업은행 등 각종 기관으로부터 연간 100억원 달하는 투자금을 유치하기도 했다.권오용 기자 kwon.ohyong@jtbc.co.kr
                "
"36","
                    취업경쟁이 갈수록 치열해지면서 취준생들의 스펙도 점차 상향 평준화되고 있다. 스펙의 차이가 크게 없는 상황에서 새로운 자격증이나 기술을 먼저 접하는 것이 취업경쟁에서 우위를 점하는 비결이 됐다.취업포털 인크루트의 조사에 따르면, 취준생들의 1년 스펙쌓기 비용은 342만원으로 집계됐다. 취업 준비 비용을 아르바이트로 마련하는 취준생도 구직자 75%에 달하는 것으로 나타났다. 스펙비용에서 가장 큰 비중을 차지하는 것은 바로 자격증과 어학시험인데, 스펙에서 자격증과 어학성적이 필수가 되면서 지출을 줄이기 어려운 상황이다.최근에는 4차산업혁명과 빅데이터, 인공지능, 블록체인 등에 IT기술의 수요가 커지면서 관련 교육도 스펙쌓기에서 빠지지 않고 있다. 문제는 바로 비용인데, 국가에서는 이러한 부담을 해소시키기 위해 IT분야 직업훈련 교육 중 일부를 환급해 주고 있다, 취준생을 대상으로 한 IT국비교육은 높은 경쟁률을 기록하고 있다. 한경닷컴 IT교육센터가 모집한 ‘실무 프로젝트 기반 빅데이터 전략 마에스트로’ 과정은 1차 모집 기간에 4:1의 높은 경쟁률을 기록했으며 대전지역도 1차 모집에서 3:1의 높은 경쟁률을 보였다.현재 서울지역은 2차 마감일인 5월 26일까지 접수자에 한해 결원 발생시 대기자로 등록되며 대전지역도 5월 26일까지 접수가 이어질 예정이다.해당 과정은 과학기술정보통신부와 정보통신기획평가원이 주관하는 ‘2019 혁신성장 청년인재 집중양성 사업’의 일환으로, 인공지능과 빅데이터 분야 전문 기업인 와이즈넛과의 협력을 통해 실무 프로젝트를 기반으로 구성되어 있다.청년 취준생들의 부담을 없애고자 전액 국비로 진행되며 교육에 참여 학생들에게 교통비와 식비를 지원한다. 또한 교육 과정에서 우수 교육생을 선정하여 CES 2020에 참관, 교육생 취창업 특강, 취업상담을 진행하며, 수료생을 대상으로 와이즈넛, 한성기업 등 108개 기업에 취업연계를 지원한다.‘실무 프로젝트 기반 빅데이터 전략 마에스트로’ 과정의 교육기간은 6월 3일부터 11월 25일까지며 총 교육시간은 960시간으로 기술교육, 실무 프로젝트, 전문가 멘토링으로 나눠 진행할 예정이다.전액 무료로 진행되는 본 교육은 이공계 및 인문·사회 전공자도 교육 받을 수 있도록 빅데이터 산업 맞춤형 인재로 육성되며 빅데이터 수집, 분석, 인사이트 도출 학습으로 진행되기 때문에 비전공자도 빅데이터 분야 학습이 가능하다.이승한기자 
                "
"37","
                    뉴이스트가 보이그룹 브랜드평판 2019년 5월 순위에서 2위로 뛰어올랐다.한국기업평판연구소는 2019년 4월 9일부터 2019년 5월 10일까지 측정한 보이그룹 브랜드 빅데이터 74,445,733개를 소비자 행동분석을 통해 보이그룹 브랜드에 대한 참여지수, 미디어지수, 소통지수, 커뮤니티지수를 측정했다. 지난 4월 브랜드 빅데이터 72,136,726개 와 비교해보면 3.20% 증가했다. 평판지수는 보이그룹에 대한 긍부정 평가, 미디어 관심도, 소비자들의 관심과 소통량을 측정할 수 있다. 브랜드평판 에디터 100명의 브랜드 모니터 분석도 포함됐다.1위, 방탄소년단 (RM, 슈가, 진, 제이홉, 지민, 뷔, 정국) 브랜드는 참여지수 5,759,984 미디어지수 9,311,616 소통지수 4,452,412 커뮤니티지수 5,401,821가 되면서 브랜드평판지수 24,925,833로 나타났다. 지난 4월 브랜드평판지수 16,144,122와 비교하면 54.40% 상승했다.2위, 뉴이스트 (JR, Aron, 백호, 민현, 렌) 브랜드는 참여지수 778,888 미디어지수 2,531,840 소통지수 426,041 커뮤니티지수 1,035,926가 되면서 브랜드평판지수 4,772,695 로 분석됐다. 지난 4월 브랜드평판지수5,123,424 와 비교하면 6.85% 하락했다.3위, 엑소 (수호, 찬열, 카이, 디오, 백현, 세훈, 시우민, 레이, 첸, 타오, 루한, 크리스) 브랜드는 참여지수 358,688 미디어지수 1,332,224 소통지수 1,115,534 커뮤니티지수 758,433가 되면서 브랜드평판지수 3,564,879로 분석됐다. 지난 4월 브랜드평판지수 6,246,700 와 비교하면 42.93 % 하락했다.4위, 슈퍼주니어 (이특, 희철, 예성, 신동, 은혁, 동해, 시원, 려욱, 규현, 성민, 강인) 브랜드는 참여지수 118,800 미디어지수 1,462,016 소통지수 140,569 커뮤니티지수 555,170가 되면서 브랜드평판지수 2,276,555 로 분석됐다. 지난 4월 브랜드평판지수 1,274,249 와 비교하면 78.66% 상승했다.5위, 세븐틴 (에스쿱스, 정한, 조슈아, 준, 호시, 원우, 우지, 디에잇, 민규, 도겸, 승관, 버논, 디노) 브랜드는 참여지수 280,192 미디어지수 743,648 소통지수 597,086 커뮤니티지수 335,382가 되면서 브랜드평판지수1,956,308 로 분석됐다. 지난 4월 브랜드평판지수 1,863,922와 비교하면 4.96% 상승했다.한국기업평판연구소 구창환 소장은 ""보이그룹 브랜드평판 2019년 5월 빅데이터 분석결과, 방탄소년단 브랜드가 1위를 기록했다. 보이그룹 브랜드 카테고리는 지난 4월 브랜드 빅데이터 72,136,726개 와 비교해보면 3.20% 증가했다. 세부 분석을 보면 브랜드소비 18.64% 상승, 브랜드이슈 12.00% 상승, 브랜드소통 10.65% 하락, 브랜드 확산 6.23% 하락했다""라고 평판을 분석했다.이어 ""보이그룹 브랜드평판 2019년 5월 빅데이터 분석 1위를 기록한 방탄소년단 브랜드는 링크 분석에서는 ""멋지다, 행복하다, 빛나다""가 높게 분석되었다. 키워드 분석에서는 ""빌보드, 유튜브, 지민""이 높게 분석되었다. 긍부정비율 분석에서는 긍정비율 98.75%로 분석되었다. 방탄소년단 브랜드 세부분석을 보면 브랜드소비 40.48% 상승, 브랜드이슈 102.19% 상승, 브랜드소통 21.62% 상승, 브랜드 확산 43.00% 상승했다""라고 브랜드 빅데이터 분석해 설명했다.2019년 5월 보이그룹 브랜드평판 30위 순위는 방탄소년단, 뉴이스트, 엑소, 슈퍼주니어, 세븐틴, 더보이즈, 스트레이 키즈, 샤이니, 몬스타엑스, 펜타곤, 투모로우바이투게더, NCT, 위너, 인피니트, 베리베리, 비스트, FT아일랜드, JBJ95, 비투비, 뉴키드, 동방신기, 2PM, 신화, 핫샷, 빅스, 아이콘, 갓세븐, 아스트로, 하이라이트, VAV 순으로 분석됐다.황지영기자 hwang.jeeyoung@jtbc.co.kr"
"38","
                    JTBC가 콘텐츠 프로토콜과 손 잡고 콘텐츠 경쟁력 강화를 위한 빅데이터 분석 작업을 진행한다. JTBC는 콘텐츠 프로토콜과 콘텐츠 업계에 빅데이터 분석 서비스를 제공하는 '데이터 대시보드' 개발 협력 계약을 체결했다. 콘텐츠 프로토콜은 주식회사 왓챠에서 진행하는 신사업. 콘텐츠 공급자가 더 우수한 결과물을 내놓을 수 있도록 콘텐츠 평가 및 감상 데이터를 분석해 자료를 제공하는 서비스다.화제성 등 이미 콘텐츠 업계에서 활용하고 있는 자료가 있지만, 콘텐츠 프로토콜은 여기에서 더 나아간다. OTT 플랫폼 상에서의 시청자 감상 패턴과 취향까지 분석해 타깃 시청군을 설정하고 제작에 반영될 수 있도록 자세하게 데이터를 분석한다. 이 서비스가 정교해질 경우 방송사는 채널 뿐 아니라 OTT플랫폼에서의 경쟁력 확보에도 큰 도움을 받을 수 있게 된다. JTBC는 이번 협력 계약을 통해 콘텐츠 프로토콜 측으로부터 자체 콘텐츠에 대한 OTT 플랫폼 시청 동향 데이터 분석 서비스를 제공받게 됐다. 윤희웅 JTBC 편성팀장은 ""채널과 채널 간의 경쟁 뿐 아니라 OTT를 비롯해 타 플랫폼에서의 콘텐츠 간 경쟁 역시 날로 치열해지고 있다. 콘텐츠 프로토콜에서 제공하는 데이터가 JTBC의 콘텐츠 경쟁력 강화에 도움이 될 것으로 기대된다""라고 밝혔다. 콘텐츠 프로토콜 박태훈 공동 대표는 ""데이터 분석을 기반으로 더 경쟁력 있는 콘텐츠 제작을 돕겠다는 콘텐츠 프로토콜의 목표에 한 걸음 더 나아가게 돼 기쁘다""고 포부를 전했다. 황소영 기자 hwang.soyoung@jtbc.co.kr"
"39","
                    JTBC가 '콘텐츠 프로토콜'과 손 잡고 콘텐츠 경쟁력 강화를 위한 빅데이터 분석 작업을 진행한다.JTBC는 콘텐츠 프로토콜과 콘텐츠 업계에 빅데이터 분석 서비스를 제공하는 '데이터 대시보드' 개발 협력 계약을 체결했다.콘텐츠 프로토콜은 주식회사 왓챠에서 진행하는 신사업이다. 콘텐츠 공급자가 더 우수한 결과물을 내놓을 수 있도록 콘텐츠 평가 및 감상 데이터를 분석해 자료를 제공하는 서비스다.화제성 등 이미 콘텐츠 업계에서 활용하고 있는 자료가 있지만, 콘텐츠 프로토콜은 여기에서 더 나아간다. OTT 플랫폼 상에서의 시청자 감상 패턴과 취향까지 분석해 타깃 시청군을 설정하고 제작에 반영될 수 있도록 자세하게 데이터를 분석한다.이 서비스가 정교해질 경우 방송사는 채널 뿐 아니라 OTT플랫폼에서의 경쟁력 확보에도 큰 도움을 받을 수 있게 된다.JTBC는 이번 협력 계약을 통해 콘텐츠 프로토콜 측으로부터 자체 콘텐츠에 대한 OTT 플랫폼 시청 동향 데이터 분석 서비스를 제공받게 됐다.윤희웅 JTBC편성팀장은 ""채널과 채널 간의 경쟁 뿐 아니라 OTT를 비롯해 타 플랫폼에서의 콘텐츠 간 경쟁 역시 날로 치열해지고 있다""라며 ""콘텐츠 프로토콜에서 제공하는 데이터가 JTBC의 콘텐츠 경쟁력 강화에 도움이 될 것으로 기대된다""라고 밝혔다.콘텐츠 프로토콜 박태훈 공동 대표는 ""데이터 분석을 기반으로 더 경쟁력 있는 콘텐츠 제작을 돕겠다는 콘텐츠 프로토콜의 목표에 한 걸음 더 나아가게 돼 기쁘다""고 포부를 밝혔다.<U+00A0>(JTBC 뉴스운영팀)
                "
"40","
                    방탄소년단이 가수 브랜드평판 2019년 2월 빅데이터 분석결과에서 1위에 올랐다.한국기업평판연구소는 2019년 1월 3일부터 2019년 2월 4일까지의 가수 브랜드 빅데이터 122,744,263개를 분석하여 소비자들의 브랜드 참여, 미디어, 소통, 커뮤니티 분석을 하였다.지난 12월 가수 브랜드 빅데이터138,932,416개보다 11.65% 줄어들었다. 가수 브랜드평판지수는 소비자들에게 사랑받는 음원을 선보이고 있는 가수 브랜드 빅데이터를 추출하고 소비자 행동분석을 하여 참여가치, 소통가치, 미디어가치, 커뮤니티가치로 분류하고 긍부정비율 분석과 평판분석 알고리즘을 통해 분석된 지표이다. 브랜드 평판분석을 통해 브랜드에 대해 누가, 어디서, 어떻게, 얼마나, 왜, 이야기하는지를 알아낼 수 있다.2019년 2월 가수 브랜드평판 30위 순위는 방탄소년단, 블랙핑크, 벤, 여자친구, 제니, 트와이스, 청하, 워너원, 세븐틴, 아이즈원, 엑소, 아이유, 우디, 에이핑크, 비투비, 노을, 위너, 마마무, 아이콘, 시아, 선미, 하성운, 임창정,하은, 펀치, 폴킴, 볼빨간사춘기, 송민호, 이소라, 엠씨더맥스 순으로 분석되었다.1위, 방탄소년단 ( RM, 슈가, 진, 제이홉, 지민, 뷔, 정국 ) 브랜드는 참여지수 2,968,812 미디어지수 4,904,725 소통지수 8,866,331 커뮤니티지수 3,548,834가 되면서 브랜드평판지수 20,288,702 로 분석되었다. 지난 12월 브랜드평판지수 19,903,080 보다 1.94% 상승했다.한국기업평판연구소 구창환 소장은 ""2019년 2월 가수 브랜드평판 분석결과, 방탄소년단 브랜드가 1위를 기록했다. 가수 브랜드 카테고리를 분석해보니 지난 12월 가수 브랜드 빅데이터 138,932,416개보다 11.65% 줄어들었다. 방탄소년단은 빌보드 챠트에 2018년 9월, 1위로 진입해 시작해 22주째 차트에 올라있다. 뿐만 아니라 빌보드 '소셜 50'에서 81주 연속 1위를 기록하고 있다""라고 평판 분석했다.이어 ""2019년 2월 가수 브랜드평판 1위 방탄소년단 브랜드는 키워드 분석에서는 '행복하다, 귀엽다, 멋있다' 가 높게 나타났고, 링크 분석은 '유튜브, 빌보드, 지민'이 높게 나타났다. 방탄소년단 브랜드에 대한 긍부정비율 분석은 긍정비율 85.77%로 분석되면서 7.16% 하락했다""라고 빅데이터분석하였다.2위, 블랙핑크 ( 지수, 제니, 로제, 리사 ) 브랜드는 참여지수 312,927 미디어지수 2,717,515 소통지수 2,905,438 커뮤니티지수 2,958,951가 되면서 브랜드평판지수 8,894,832 로 분석되었다. 지난 12월 브랜드평판지수8,722,222보다 1.98% 상승했다.3위, 벤 브랜드는 참여지수 799,413 미디어지수 4,813,492 소통지수 4,043,507 커뮤니티지수 1,238,786가 되면서 브랜드평판지수 10,895,198 로 분석되었다. 지난 12월 브랜드평판지수 7,716,213보다 41.20% 상승했다.4위, 여자친구 ( 소원, 예린, 은하, 유주, 신비, 엄지 ) 브랜드는 참여지수 729,389 미디어지수 3,029,377 소통지수1,901,160 커뮤니티지수 1,248,453가 되면서 브랜드평판지수 6,908,379로 분석되었다. 지난 12월 브랜드평판지수 3,862,783보다 78.84% 상승했다.5위, 제니 브랜드는 참여지수 448,667 미디어지수 1,651,737 소통지수 1,477,421 커뮤니티지수 1,969,768가 되면서 브랜드평판지수 5,547,593로 분석되었다. 지난 12월 브랜드평판지수 3,862,783보다 78.84% 상승했다.황지영기자 hwang.jeeyoung@jtbc.co.kr"
"41","
                    염정아 전성시대다. 배우 염정아가 JTBC 금토극 'SKY 캐슬' 인기를 타고 브랜드평판 1위에 이름을 올렸다. 20일 한국기업평판연구소에 따르면 드라마 배우 브랜드평판 1월 빅데이터 분석 결과 1위 염정아, 2위 현빈, 3위 송혜교 순으로 분석됐다. 지난해 12월 18부터 19일까지 방영된 드라마에 출연중인 배우 100명의 브랜드 빅데이터 2억6808만8087개를 분석해 소비자들의 브랜드 참여량, 미디어량, 소통량을 측정했다. 2018년 12월 배우 브랜드 빅데이터보다 6.38% 증가했다.브랜드 평판지수는 브랜드 빅데이터를 추출하고 소비자 행동을 평판 분석 알고리즘으로 분석해 참여가치, 소통가치, 미디어가치, 커뮤니티가치, 소셜가치로 분류하고 가중치를 두어 나온 지표다. 브랜드 빅데이터 분석은 브랜드에 대한 긍부정 평가, 미디어의 출처와 관심도, 소비자들의 관심과 소통량, 이슈에 대한 커뮤니티 확산, 콘텐츠에 대한 반응과 인기도를 측정할 수 있다.올해 1월 드라마 배우 브랜드평판 30위 순위는 염정아, 현빈, 송혜교, 박보검, 유이, 조보아, 박신혜, 왕석현, 장나라, 유승호, 오나라, 여진구, 김유정, 김서형, 윤세아, 이시영, 신성록, 김선아, 찬열, 최진혁, 정준호, 이태리, 양세종, 유연석, 전소민, 이설, 이세영, 고현정, 이태란, 김진우 순이었다.염정아 브랜드는 참여지수 137만2024 미디어지수 351만3112 소통지수 279만4528 커뮤니티지수 228만2605로 브랜드 평판 지수 996만2269로 분석됐다. 한국기업평판연구소 구창환 소장은 ""'SKY 캐슬'로 소비자들에게 관심을 모으는 염정아 브랜드가 1위로 분석됐다. 염정아 브랜드는 빅데이터 링크 분석에서 '연기 잘한다', '설득력 있다', '부럽다'가 높게 나왔고, 키워드 분석에서는 'SKY 캐슬', '정준호', '김서형'이 높게 나왔다. 긍부정비율분석에서는 긍정비율 63.89%로 분석됐다""고 밝혔다.황소영 기자 hwang.soyoung@jtbc.co.kr"
"42","
                    대한항공이 국내 대기업 및 전 세계 대형 항공사로는 최초로 전사 시스템을 클라우드로 전환한다.대한항공은 6일 서울 공항동 대한항공 본사에서 LG CNS 및 아마존웹서비스(AWS)와 업무 체결식을 개최했다. 이날 행사에는 조원태 대한항공 대표이사, 김영섭 LG CNS 대표이사, 장정욱 AWS 코리아 대표이사 등이 참석했다.전 세계 메이저 항공사 중 전체 시스템의 클라우드 전환은 대한항공이 최초 사례로 알려진다. 대한항공 전체 시스템 중 극히 제한적인 분야를 제외하고 전면 클라우드로 전환한다. LG CNS 관계자는 “콴타스 항공, 케세이퍼시픽 등 대형 항공사들 중 클라우드를 일부 도입한 사례는 있지만 전세계 메이저 항공사 중 클라우드 전면 도입은 대한항공이 최초”라고 설명했다. 이날 행사에서 조원태 대한항공 사장은 “더욱 치열해지는 항공산업 경쟁 속에서 변화를 선도하고 고객 서비스 품질을 더욱 높이기 위해 클라우드 전면 전환을 선택하게 됐다”며 “향후 클라우드를 활용해 더욱 신속하고 효율적인 맞춤형 서비스를 제공할 것”이라고 말했다.LG CNS는 클라우드 구축·운영 역량을 갖고 있으며, 높은 수준의 안정성을 갖춘 데이터센터와 재해복구센터를 운영하고 있다. AWS는 전 세계 수백만의 고객에게 다양한 클라우드 서비스를 제공하고 있는 가장 널리 보급된 클라우드 플랫폼으로, 빅데이터, 인공지능(AI) 등 뛰어난 기술력을 보유하고 있다.이번 협약에 따라 대한항공은 서울 방화동 데이터 센터에서 운영되는 홈페이지, 화물, 운항, 전사적자원관리(ERP), 내부 회계통제 시스템 등 모든 어플리케이션 및 데이터를 이달부터 약 3년에 걸쳐 AWS 클라우드로 이전한다. 10년간 운영 비용을 포함해 약 2000억원 규모다.대한항공은 클라우드 전환에 따라 AI, 머신러닝, 빅데이터 분석, 사물인터넷(IoT), 데이터베이스 등의 기술을 항공 산업에 접목해 전 세계 고객을 대상으로 개인 성향을 기반으로 세분화된 맞춤형 서비스를 할 수 있게 된다.가령, 지속적으로 변화되는 고객의 취향을 빅데이터 기술로 승객의 여정 정보 등을 분석, 고객에게 최적화된 항공 상품을 빠르게 제안할 수 있으며, 고객의 미래 행동을 예측해 상품을 기획할 수 있게 된다. 또한 고객은 음성만으로 항공 스케줄 조회, 예약 정보 확인 등 다양한 정보 검색이 가능해진다.항공 업무적인 측면에서는 운항, 정비 등 각 부문에서 생산되는 방대한 센서 데이터를 빅데이터로 분석해 항로 최적화, 연료 절감, 사전 예측 정비 등의 효과를 볼 수 있으며, 각종 시스템 로그 정보를 AI 기술로 분석해 항공 안전성을 더욱 높일 수 있다.IT운영 측면에서도 효율성이 높아진다. 클라우드는 접속자가 갑자기 늘어나더라도 서버 자원이 자동으로 확장되어 안정적으로 서비스를 제공할 수 있다. 또한 국내에 지역적으로 분리된 두 곳에 데이터센터 시설을 두는 동시에 국내 재난 상황에도 중단 없는 글로벌 서비스가 가능하도록 미국에 재해복구센터를 구축하는 등 3중 재해복구 체계를 마련했다.대한항공은 클라우드 이전을 기반으로 디지털 변혁 시대에 혁신을 가속화하는 동시에 전세계 고객들에게 편의와 감동을 선사하는 미래형 신개념 서비스를 지속적으로 개발해 나갈 계획이다.서지영 기자 seo.jiyeong@jtbc.co.kr"
"43","
                    롯데멤버스(대표이사 강승하)가 빅데이터 분석 전문가 육성을 위한 산학협력 프로그램을 마련하고, 선정된 통계학 전공 대학생들을 대상으로 오는 11월부터 현장 실습을 진행한다고 30일 밝혔다.‘2018 L.POINT DATA SCIENTIST’는 산업의 이해도와 데이터 전문성을 갖춘 인재를 양성하기 위한 산학협력 프로그램이다. 롯데멤버스는 다양한 빅데이터 활용 실습을 통해 현장에 필요한 유능한 데이터 전문가를 육성하고 양질의 산학협력 생태계를 구축하고자 이번 프로그램을 기획했다.롯데멤버스는 통계학 전공 대학생 10여명을 선발하여 오는 11월부터 데이터 분석 실무를 경험할 수 있는 기회를 제공하고, 향후 더 많은 예비 데이터 전문가를 대상으로 범위를 확대할 예정이다.실습에 참여하는 학생들은 롯데멤버스가 보유한 다양한 빅데이터를 기반으로 유통<U+2022>금융<U+2022>관광 제휴사 대상 분석 프로젝트와 서비스를 경험하게 된다. 또한 프로모션 최적화를 위한 타킷 데이터 추출 및 상품 분석 컨설팅 지원 등 데이터 분석 직무 관련한 다양한 서비스를 실전에서 배울 수 있다.롯데멤버스는 이 과정에서 담당 멘토링제를 운영해 참여 학생들과 실무진들이 정기적으로 교류 할 수 있는 환경을 마련했다. 이를 통해 학생들이 직무를 보다 깊게 이해하고 산업에 대한 구체적인 인사이트를 갖출 수 있도록 지원할 계획이다.롯데멤버스 컨설팅부문장 김태홍 상무는 “이번 산학협력 프로그램은 L.POINT 데이터 활용 실습을 통해 현장에서 필요한 유능한 빅데이터 인재를 육성하기 위해 마련됐다. 또한 최신 분석 방법론을 실무에 도입하고 검증해보는 기회를 통해 비즈니스 경쟁력을 확보하고자 한다”라며 “향후 다양한 대학과 학계와의 교류를 더욱 확대해 양질의 산학협력 생태계를 구축하고 현장 중심형 인재를 육성하는 데 앞장설 것”이라고 전했다. 이승한기자"
"44","
                    롯데멤버스가 10월 22일부터 11월 30일까지 전국 대학생·대학원생 및 취준생 등을 대상으로 ‘제5회 L.POINT Big Data Competition’을 개최한다고 밝혔다.‘L.POINT Big Data Competition(이하 엘포인트 빅데이터 컴피티션)’은 통합멤버십 서비스 L.POINT(이하 엘포인트)에서 제공하는 실제 데이터를 바탕으로 빅데이터를 분석하고 주제에 맞는 콘텐츠를 개발하는 국내 대표 빅데이터 공모전이다. 이번 대회는 고객들의 온라인 행동을 기반으로 트렌드를 예측하는 ‘Digital Trend Analyzer’를 주제로 진행된다.‘엘포인트 빅데이터 컴피티션’은 엘포인트 회원 중 고졸 이상(고졸, 국내외 대학 및 대학원 재학(휴학)생, 졸업 2년 이내 일반인)인 경우 누구나 참여할 수 있으며, 모든 구성원이 자격을 갖춘 공동 연구팀(3인 이내)으로도 접수 가능하다.특히 올해는 참가 희망자들을 위한 설명회를 진행한다. ‘제5회 엘포인트 빅데이터 컴피티션 설명회’는 오는 11월 19일 대한상공회의소 국제회의장(서울)에서 개최되며, 회사와 공모전 소개 및 분석 데이터 설명을 통해 참가자들의 이해도를 높일 예정이다.공모전 참가를 희망하는 신청자들은 홈페이지(https://competition.lpoint.com)를 통해 11월 30일까지 접수하면 된다. 접수가 완료되면 분석 데이터를 다운로드 받은 후 공모전 주제에 부합하는 분석 결과물을 19년 1월 16일까지 제출해야 한다.▲논리 전개의 타당성 ▲분석 기법의 적정성 ▲제안 서비스의 창의성 ▲변수 선택의 다양성 ▲외부 데이터 활용 여부 ▲시각화 등을 기준으로 내부 심사를 거쳐 본선 진출자를 선별한다. 이어 본선 PT 심사를 진행한 뒤 최종 수상자를 선정<U+2022>발표할 예정이다.최종 수상자에게는 대상 300만 원(1팀), 최우수상 200만 원(2팀), 우수상 100만 원(3팀)의 상금이 주어지며, 19년도 롯데그룹 주관 채용시 서류전형 면제 혜택이 특전으로 제공된다. 특히 최종 본선 진출팀 모두에게 입상과 동시에 소정의 L.POINT를 지급한다.이승한기자"
"45","
                    주 52시간 근무제 시행 이후 직장인들의 출근 시간이 늦어지고 퇴근 시간이 빨라진 것으로 나타났다. 또 직장인들이 퇴근 후 회사 근처가 아니라 집 근처로 이동해 저녁시간을 보내는 모습을 보였다.  KT와 BC카드가 ‘주52시간 근무제’ 시행 3개월을 맞아 주 52시간 근무제로 변화된 사람들의 생활 패턴을 빅데이터로 분석한 결과를 2일 발표했다.주52시간 근무제는 주당 법정 근로시간을 이전 68시간에서 52시간으로 단축한 근로 제도다. 관련 법규인 근로기준법 개정안이 2월 국회를 통과해 7월부터 종업원 300인 이상의 사업장과 공공기관을 대상으로 시행되고 있다.KT가 분석한 유동인구 빅데이터에 따르면 주 52시간 근무제 도입 후 8월 1일부터 9월 16일까지 서울 종로구 광화문 일대의 직장인 일 평균 근무시간(체류시간)은 작년 동기간 대비 평균 55분 감소했다. 광화문 일대는 다수의 대기업과 공공기관이 위치해 있다.KT 유동인구 빅데이터는 휴대폰과 기지국이 주기적으로 교환하는 신호정보를 바탕으로 분석됐다. 직장인은 오전 9시부터 오후 6시까지 한 달에 10일 이상 동일 기지국에 4시간 이상 규칙적으로 연결된 휴대폰 이용자를 의미한다. IT, 게임 업계 기업에 근무하는 직장인이 많이 상주하는 성남시 판교의 경우에는 직장인 일 평균 근무시간이 작년 동기간 대비 평균 11.6분 감소했으며, 주 52시간 근무제 유예 대상인 금융 업계 대기업이 많은 여의도는 직장인 일 평균 근무시간이 6분 줄었다.반면에 300인 이하의 중소기업과 벤처기업이 많이 위치해 있는 가산디지털단지는 직장인 일 평균 근무시간이 오히려 5분가량 증가했다.KT 유동인구 빅데이터 분석 결과는 주 52시간 근무제가 직장인 출퇴근 시간에도 많은 영향을 미쳤다고 볼 수 있다.2017년 8월 1일부터 9월 16일까지 광화문 일대에서 근무하는 직장인들은 오전 7시 30분에서 8시 사이에 해당 지역의 전체 직장인 중 26%가 출근했으나, 올해는 같은 시간 동안 전체 직장인 중 15%만 출근하는 것으로 나타났다.오전 8시 30분부터 9시 사이에 출근하는 직장인은 2017년 21%에서 2018년 38%로 늘어나 주 52시간 근무제의 영향으로 많은 직장인들의 출근 시간이 30분 가량 늦춰진 것으로 볼 수 있다.또 광화문, 판교, 여의도 모두 저녁 6시에서 저녁 7시 사이에 퇴근하는 직장인 비율도 최대 31.4%으로 작년 동기간 대비 약 7% 증가했다. 가산디지털 단지는 작년 동기간 비교 시 유사한 패턴을 보였다.여의도는 금융 업계 특성상 8시 전에 전체 직장인 중 90%가 출근하는 패턴은 작년과 동일하나 다른 지역과 비교해 30분가량 빨리 퇴근하는 행태를 보였다. 이는 유예 대상 기업도 주 52시간 근무제를 탄력적으로 시행하고 있는 것으로 관측된다.BC카드의 8월 19일부터 9월 15일까지 가맹점 매출 빅데이터 분석 결과에 따르면 서울시 여가 활동 관련 업종의 매출이 전년 동기간 대비 평균 9.2% 증가됐다. 증가된 여가 활동 매출 규모는 BC카드 기준 약 16억원에 달한다.빅데이터 분석에 활용된 여가활동 관련 업종은 서점, 골프연습장, 볼링장, 테니스장, 수영장, 헬스클럽, 영화관, 티켓, 기타 문화 취미 등이다. 서울시 전체에서 가장 많은 여가 활동 매출의 증가 폭을 보인 지역은 동작구로 작년 대비 여가 활동 매출이 70.3% 증가했으며 이어 강서구가 66.3%, 동대문구가 42..7% 증가했다. 이와는 다르게 많은 직장인들이 근무하는 종로구, 금천구의 경우에는 오히려 여가 활동 매출이 작년 대비 각각 7.7%, 6.7% 감소했다.또 광화문과 판교의 점심시간 음식, 주류 관련 업종의 매출은 작년 대비 소폭 감소하거나 증가하는 추세를 보였으나, 해당 지역의 저녁 6시 이후 음식, 주류 관련 업종의 매출은 최소 10.3%에서 최대 14.7%까지 감소하는 것으로 나타났다.여의도와 가산디지털단지의 음식, 주류 관련 업종의 매출은 작년과 유사하거나 다소 증가된 규모를 유지했다.KT는 주 52시간 근무제가 시작된 7월 1일부터 9월 16일까지 인스타그램, 트위터 등 주요 SNS에서 언급되는 키워드 빅데이터 분석 결과 ‘여가’, ‘퇴근’, ‘육아’ 등 업무 시간 외 활동과 관련된 단어들이 언급량 순위 상위에 랭크됐다고 밝혔다.특히 일과 삶의 균형이라는 뜻으로 ‘Work and Life Balance’의 준말인 ‘워라밸’의 언급량은 2152회에서 2만1663회로 작년 동기간 대비 10배나 증가했다.KT 빅데이터사업지원단장 윤혜정 상무는 “직장인들의 일 평균 근무시간이 감소하고, 출·퇴근 시간이 9to6에 맞춰져 가는 등 삶의 질이 높아지는 생활 패턴의 변화가 빅데이터로 나타났다”고 말했다. 권오용 기자 kwon.ohyong@jtbc.co.kr
                "
"46","
                    2018년 9월 빅데이터 분석결과 1위 방탄소년단 2위 워너원 3위 뉴이스트W 순으로 분석되었다.한국기업평판연구소는 2018년 8월 8일부터 2018년 9월 9일까지 측정한 보이그룹 브랜드 빅데이터 110,532,263개를 소비자 행동분석을 통해 보이그룹 브랜드에 대한 참여지수, 미디어지수, 소통지수, 커뮤니티지수를 측정하였다. 지난 8월 브랜드 빅데이터 88,496,475개 와 비교해보면 24.90% 증가했다.2018년 9월 보이그룹 브랜드평판 30위 순위는 방탄소년단, 워너원, 뉴이스트W, 세븐틴, 엑소, NCT, 더보이즈, 비투비, 인피니트, 빅뱅, 스트레이 키즈, 샤이니, 몬스타엑스, 슈퍼주니어, MXM, 빅스, 펜타곤, 위너, 아이콘, 아스트로, 신화, 동방신기, 비스트, JBJ, 젝스키스, SF9, 하이라이트, 골든차일드, 2PM, BAP 순으로 분석되었다.1위, 방탄소년단 ( RM, 슈가, 진, 제이홉, 지민, 뷔, 정국 ) 브랜드는 참여지수 5,654,088 미디어지수 5,532,416 소통지수 6,058,023 커뮤니티지수 7,845,724가 되면서 브랜드평판지수 25,090,251로 분석되었다. 지난 8월 브랜드평판지수 14,611,602와 비교하면 71.71% 상승했다.한국기업평판연구소 구창환 소장은 ""보이그룹 브랜드평판 2018년 8월 빅데이터 분석 1위를 기록한 방탄소년단 브랜드는 링크 분석에서는 '놀랍다, 좋다, 고맙다'가 높게 분석되었다. 키워드 분석에서는 '빌보드, idol, 콘서트'가 높게 분석되었다. 긍부정비율 분석에서는 긍정비율 93.44%로 분석되었다. 방탄소년단 세부분석을 보면 브랜드소비 67.86% 상승, 브랜드이슈 96.41% 상승, 브랜드소통 58.31% 상승, 브랜드 확산 70.57% 상승했다""라고 브랜드 빅데이터 분석했다.2위, 워너원 ( 강다니엘, 박지훈, 이대휘, 김재환, 옹성우, 박우진, 라이관린, 윤지성, 황민현, 배진영, 하성운 ) 브랜드는 참여지수 820,336 미디어지수 4,291,840 소통지수 3,010,383 커뮤니티지수 4,935,609가 되면서 브랜드평판지수 13,058,168로 분석되었다. 지난 8월 브랜드평판지수 12,602,046와 비교하면 3.62% 상승했다.3위, 뉴이스트W ( JR, Aron, 백호, 렌 ) 브랜드는 참여지수 132,440 미디어지수 1,764,352 소통지수 254,925 커뮤니티지수 2,824,704가 되면서 브랜드평판지수 4,976,422로 분석되었다. 지난 8월 브랜드평판지수 2,052,405와 비교하면 142.47% 상승했다.4위, 세븐틴 ( 에스쿱스, 정한, 조슈아, 준, 호시, 원우, 우지, 디에잇, 민규, 도겸, 승관, 버논, 디노 ) 브랜드는 참여지수 411,048 미디어지수 1,066,752 소통지수 1,104,770 커뮤니티지수 2,008,074가 되면서 브랜드평판지수4,590,644로 분석되었다. 지난 8월 브랜드평판지수 5,052,401와 비교하면 9.14% 하락했다.5위, 엑소 ( 수호, 찬열, 카이, 디오, 백현, 세훈, 시우민, 레이, 첸, 타오, 루한, 크리스 ) 브랜드는 참여지수 372,680 미디어지수 1,376,000 소통지수 1,431,482 커뮤니티지수 1,180,842가 되면서 브랜드평판지수 4,361,004로 분석되었다. 지난 8월 브랜드평판지수 4,185,921와 비교하면 4.18% 상승했다.한국기업평판연구소는 국내 브랜드의 평판지수를 매달 측정하여 브랜드 평판지수의 변화량을 발표하고 있다. 브랜드평판지수는 소비자들의 온라인 습관이 브랜드 소비에 큰 영향을 끼친다는 것을 찾아내서, 브랜드 빅데이터 분석을 통해서 만들어진 지표이다. 보이그룹 브랜드 평판지수는 보이그룹에 대한 긍부정 평가, 미디어 관심도, 소비자들의 관심과 소통량을 측정할 수 있다. 이번 보이그룹 브랜드 평판지수는 2018년 8월 8일부터 2018년 9월 9일까지 브랜드 빅데이터 분석 결과이다.황지영기자 hwang.jeeyoung@jtbc.co.kr"
"47","
                    롯데멤버스가 AI 어플리케이션 그룹 마이셀럽스와 업무제휴 협약을 체결하고, 음성 기반의 AI 큐레이션 서비스를 오픈한다고 16일 밝혔다.이로써 L.POINT(이하 엘포인트) 회원들은 음성 검색 서비스를 제공하는 ‘말해’ APP과 라이프스타일 포털 ‘익사이팅 L’을 통해 개인 취향별 맞춤형 콘텐츠를 추천 받을 수 있게 됐다.지난 14일 서울시 중구 통일로에 위치한 롯데멤버스 본사에서 진행된 ‘인공지능 및 빅데이터를 활용한 신개념 라이프스타일 콘텐츠 제공’ 업무협약식에는 롯데멤버스 강승하 대표와 마이셀럽스 신지현 대표 등 양사 주요 관계자들이 참석했다.마이셀럽스는 이미 자체 AI 솔루션인 ‘빅데이터 스튜디오’를 통해, 업계 선두 기업과의 AI Transformation 제휴를 이끌며 인공지능 어플리케이션 전문 기업으로 성장하고 있는 스타트업이다.롯데멤버스는 본 협약을 기반으로 인공지능 및 빅데이터 기반 검색 기술을 통해 회원들에게 취향과 상황에 따라 맞춤형서비스를 제공할 예정이다. 특히 마이셀럽스의 ‘말해’ APP 내에서 롯데 유통사의 요리, 간편식, 와인, 영화 등 다양한 콘텐츠를 음성으로 검색할 수 있는 서비스를 오픈했으며 콘텐츠 소비에서 구매까지 한 번에 해결되는 원스톱 체계를 구축했다.새로 개편된 서비스에서는 단순히 카테고리로 분류된 정보를 제공하는 기존 검색 방식의 한계를 개선하고, 실제 대중의 감정, 생각, 선호도 등을 분석한 ‘키토크’를 적용해 보다 다양한 선택지를 제시하고 추천해준다.예를 들어, ‘밥하기 귀찮은데 간단히 먹을 거 없을까?’라고 물으면 빅데이터 분석을 통해 다양한 간편식을 추천해준다. 원하는 음식을 선택하면 식재료를 구입할 수 있는 롯데마트 온라인 몰로 바로 이동할 수 있으며, 구매 시 스마트픽 서비스로 매장에서 물건을 픽업할 수 있다. 또한 가까운 오프라인 마트 주소 역시 확인 가능하다.더불어 롯데멤버스는 마이셀럽스와의 협업을 통해 업계 최초 인공지능 기반 라이프스타일 포털 ‘익사이팅 L’을 선보였다. 엘포인트 모바일 APP에서 이용할 수 있는 ‘익사이팅 L’은 요리, 와인, 맥주, 영화, 방송, 웹툰 등 총 6개의 카테고리에서 빅데이터를 기반으로 취향과 상황에 맞는 콘텐츠를 추천 받아 이용할 수 있는 새로운 라이프 스타일 경험을 제공한다.  롯데멤버스 마케팅부문장 신병휘 상무는 ""이번 협약으로 엘포인트 회원들이 인공지능<U+2022>음성기반 취향 검색 서비스를 활용해 개인에게 최적화된 놀거리, 먹거리, 볼거리를 보다 편리하게 즐기게 됐다”라며 “향후 시네마, 숙박 등 신규 카테고리를 지속적으로 발굴해 새로운 큐레이션 서비스를 제공할 계획이며 챗봇, 음성기반 플랫폼 등 다양한 채널과 자사 제휴 브랜드를 연계해 빅데이터 기반 라이프스타일 콘텐츠의 새로운 패러다임을 제시할 것”이라고 밝혔다. 이승한기자
                "
"48","
                    방탄소년단이 보이그룹 브랜드평판 7월 빅데이터 분석결과 1위에 올랐다.한국기업평판연구소는 15일 ""보이그룹 브랜드 빅데이터 71,814,452개를 소비자 행동분석을 통해 보이그룹 브랜드에 대한 참여지수, 미디어지수, 소통지수, 커뮤니티지수를 측정하였다""며 ""6월 13일부터 7월 14일까지 집계 결과 방탄소년단이 1위""라고 밝혔다.이번 자료는 지난 6월 브랜드 빅데이터 99,728,917개 와 비교해보면 27.99% 줄어들었다. 브랜드평판 지수는 소비자들의 온라인 습관이 브랜드 소비에 큰 영향을 끼친다는 것을 찾아내서 브랜드 빅데이터 분석을 통해서 만들어진 지표이다. 보이그룹 브랜드평판지수는 보이그룹에 대한 긍부정 평가, 미디어 관심도, 소비자들의 관심과 소통량을 측정할 수 있다.1위 방탄소년단 브랜드는 참여지수 1,733,312 미디어지수 3,416,320 소통지수 3,008,636 커뮤니티지수 4,157,549가 되면서 브랜드평판지수 12,315,816로 분석되었다. 지난 6월 브랜드평판지수 26,063,933 와 비교하면 52.75% 하락했다.2위 워너원 브랜드는 참여지수 934,648 미디어지수 2,919,168 소통지수 2,538,279 커뮤니티지수 4,183,950가 되면서 브랜드평판지수 10,576,045로 분석되었다. 지난 6월 브랜드평판지수 15,044,489와 비교하면 29.70% 하락했다.3위 샤이니 브랜드는 참여지수 525,712 미디어지수 2,225,920 소통지수 693,338 커뮤니티지수 1,112,267가 되면서 브랜드평판지수 4,557,237로 분석되었다. 지난 6월 브랜드평판지수4,854,761와 비교하면 6.13% 하락했다.한국기업평판연구소 구창환 소장은 ""방탄소년단 브랜드가 1위를 기록했다. 보이그룹 브랜드 카테고리는 지난 6월 브랜드 빅데이터 99,728,917개 와 비교해보면27.99% 줄어들었다. 세부 분석을 보면 브랜드소비 46.19% 하락, 브랜드이슈 18.47% 하락, 브랜드소통 12.19% 하락, 브랜드 확산 36.23% 하락했다. 보이그룹에 대한 브랜드 소비와 이슈가 줄어들면서 브랜드 소통과 확산도 하락한 것으로 분석되었다""라고 평판 분석했다.이어 ""보이그룹 브랜드평판 7월 빅데이터 분석 1위를 기록한 방탄소년단 브랜드는 링크 분석에서는 ""즐기다, 좋다, 행복하다""가 높게 분석되었다. 키워드 분석에서는 ""콘서트, 지민, 빌보드""가 높게 분석되었다. 긍부정비율 분석에서는 긍정비율 84.07%로 분석되었다""라고 브랜드 빅데이터 분석했다.7월 보이그룹 브랜드평판 30위 순위는 방탄소년단, 워너원, 샤이니, 엑소, 비투비, 뉴이스트W, 위너, 인피니트, 세븐틴, NCT, 슈퍼주니어, 유앤비, 빅스, 빅뱅, 골든차일드, 동방신기, 더보이즈, B1A4, 아스트로, JBJ,블락비, 몬스타엑스, 아이콘, 비스트, 하이라이트, 갓세븐, 펜타곤, 2PM, 젝스키스, 빅톤 순으로 분석되었다.황지영기자 hwang.jeeyoung@jtbc.co.kr"
"49","
                    걸그룹 브랜드평판 2018년 4월 빅데이터 분석결과 레드벨벳이 1위를 차지했다. 이어 마마무 모모랜드가 뒤를 이었다.한국기업평판연구소는 걸그룹 브랜드평판 빅데이터 분석을 위해 2018년 3월 5일부터 2018년 4월 6일까지 측정한 브랜드 빅데이터 88,438,696개를 분석하여 걸그룹 브랜드에 대한 참여지수, 미디어지수, 소통지수, 커뮤니티지수로 브랜드평판지수를 측정하였다. 지난 3월 걸그룹 브랜드 빅데이터 77,029,078개와 비교하면 14.81% 증가했다.1위위, 레드벨벳 ( 웬디, 아이린, 슬기, 조이, 예리 ) 브랜드는 참여지수 1,410,608 미디어지수 3,783,904 소통지수 2,000,897 커뮤니티지수 2,198,855가 되면서 브랜드평판지수 9,394,264로 분석되었다. 지난 3월 브랜드평판지수 6,751,331와 비교해보면 39.15% 상승했다.2위, 마마무 ( 솔라, 문별, 휘인, 화사 ) 브랜드는 참여지수 752,692 미디어지수 2,629,752 소통지수 1,688,411 커뮤니티지수 2,461,164가 되면서 브랜드평판지수 7,532,019로 분석되었다. 지난 3월 브랜드평판지수 5,039,036와 비교해보면 49.47 % 상승했다.3위, 모모랜드 ( 혜빈, 연우, 제인, 태하, 나윤, 데이지, 아인, 주이, 낸시 ) 브랜드는 참여지수 696,932 미디어지수 2,973,576 소통지수 493,606 커뮤니티지수 1,921,432가 되면서 브랜드평판지수 6,085,545로 분석되었다. 지난 3월 브랜드평판지수 4,962,524와 비교해보면 22.63% 상승했다.한국기업평판연구소 구창환 소장은 ""걸그룹 2018년 4월 브랜드평판 분석결과, 레드벨벳 브랜드가 1위를 기록했다. 걸그룹 브랜드 카테고리를 보면 지난 3월 걸그룹 브랜드 빅데이터 77,029,078개와 비교하면 14.81% 증가했다. 세부 분석을 보면 브랜드 소비 12.19% 상승, 브랜드 이슈 54.64% 상승, 브랜드 소통 11.96% 하락, 브랜드 확산 2.83% 상승했다.""라고 평판분석했다.이어 ""2018년 4월 걸그룹 브랜드평판 1위를 기록한 레드벨벳 브랜드에 대한 링크분석에서는 ""빨갛다, 논란되다, 욕먹다'가 높게 나왔고, 키워드 분석에서는 '아이린, 북한, 조이'가 높게 나왔다. 레드벨벳 브랜드에 대한 긍부정비율 분석에서는 긍정비율 50.21%로 분석되었다.""라고 브랜드 빅데이터 분석했다.이미현 기자
                "
"50","
                    워너원이 보이그룹 브랜드평판 2018년 3월 빅데이터 분석결과, 1위를 차지했다. 그 뒤를 방탄소년단과 아이콘이 이었다. 3위 아이콘 으로 분석되었다.한국기업평판연구소는 11일, 2월 9일부터 2018년 3월 10일까지 측정한 보이그룹 브랜드 빅데이터를 발표했다. 2018년 3월 보이그룹 브랜드평판 30위 순위는 워너원, 방탄소년단, 아이콘, 엑소, 세븐틴, 빅뱅, NCT, 비투비, 인피니트, 샤이니, 위너, 젝스키스, JBJ, 갓세븐, 슈퍼주니어, SF9, 빅스, 뉴이스트W, 아스트로, 2PM, 하이라이트, 골든차일드, 신화, 비스트 , B1A4, 레인즈, 더보이즈, VAV, 동방신기, 몬스타엑스 로 분석되었다.1위, 워너원 브랜드는 참여지수 1,859,968 미디어지수 2,639,872 소통지수 3,387,005 커뮤니티지수 3,755,667가 되면서 브랜드평판지수 11,642,511로 분석되었다. 지난 2월 브랜드평판지수 14,886,529 와 비교하면 21.79% 하락했다.2위, 방탄소년단 브랜드는 참여지수 3,456,288 미디어지수 1,692,672 소통지수 2,929,859 커뮤니티지수 2,911,253가 되면서 브랜드평판지수 10,990,072 로 분석되었다. 지난 2월 브랜드평판지수 16,839,776와 비교하면 43.45% 하락했다.3위, 아이콘 브랜드는 참여지수 801,768 미디어지수 2,654,976 소통지수 1,574,197 커뮤니티지수 2,086,495가 되면서 브랜드평판지수 7,117,436로 분석되었다. 지난 2월 브랜드평판지수 154,624와 비교하면 15.68% 하락했다.한국기업평판연구소 구창환 소장은 ""보이그룹 브랜드평판 2018년 3월 빅데이터 분석결과, 워너원 브랜드가 1위를 기록했다. 보이그룹 브랜드 카테고리는 지난 2월 브랜드 빅데이터 123,332,307개 와 비교해보면 33.55% 줄어들었다. 세부 분석을 보면 브랜드소비 9.41% 하락, 브랜드이슈 38.80% 하락, 브랜드소통 27.73% 하락, 브랜드 확산 42.07% 하락했다. 보이그룹에 대한 소비와 이슈가 줄어들면서 소통과 확산도 하락한 가운데 '약속해요'로 컴백한 워너원이 1위가 되었다""라고 평판 분석했다.이어 ""보이그룹 브랜드평판 2018년 3월 빅데이터 분석 1위를 기록한 워너원 브랜드는 링크 분석에서는 ""좋다, 축하하다, 행복하다""가 높게 분석되었다. 키워드 분석에서는 ""약속해요, 강다니엘, 컴백""이 높게 분석되었다. 긍부정비율 분석에서는 긍정비율 87.12%로 분석되었다 ""라고 브랜드 빅데이터 분석했다.이미현 기자
                "
